USE master 
GO 


IF  EXISTS (SELECT * FROM sys.databases WHERE name = N'data_analysis_orders') DROP DATABASE data_analysis_orders
GO 


CREATE DATABASE data_analysis_orders
GO 


USE data_analysis_orders
GO 


create table orders (
	order_id INT NOT NULL,
	item_id INT NOT NULL,
	order_quantity INT,
	customer_id INT,
	order_date DATE
);
insert into orders (order_id, item_id, order_quantity, customer_id, order_date) values (89, 17, 41, 48, '7/26/2019');
insert into orders (order_id, item_id, order_quantity, customer_id, order_date) values (149, 6, 10, 28, '1/10/2019');
insert into orders (order_id, item_id, order_quantity, customer_id, order_date) values (114, 20, 64, 3, '9/14/2019');
insert into orders (order_id, item_id, order_quantity, customer_id, order_date) values (104, 22, 49, 23, '2/18/2019');
insert into orders (order_id, item_id, order_quantity, customer_id, order_date) values (51, 11, 40, 20, '3/30/2019');
insert into orders (order_id, item_id, order_quantity, customer_id, order_date) values (109, 17, 86, 58, '7/29/2019');
insert into orders (order_id, item_id, order_quantity, customer_id, order_date) values (134, 15, 53, 16, '9/19/2019');
insert into orders (order_id, item_id, order_quantity, customer_id, order_date) values (113, 10, 48, 36, '8/6/2019');
insert into orders (order_id, item_id, order_quantity, customer_id, order_date) values (161, 12, 90, 36, '12/18/2018');
insert into orders (order_id, item_id, order_quantity, customer_id, order_date) values (127, 17, 50, 15, '2/20/2019');
insert into orders (order_id, item_id, order_quantity, customer_id, order_date) values (93, 26, 27, 51, '12/27/2018');
insert into orders (order_id, item_id, order_quantity, customer_id, order_date) values (122, 4, 12, 58, '12/19/2018');
insert into orders (order_id, item_id, order_quantity, customer_id, order_date) values (69, 10, 31, 49, '2/20/2019');
insert into orders (order_id, item_id, order_quantity, customer_id, order_date) values (44, 16, 46, 28, '12/24/2018');
insert into orders (order_id, item_id, order_quantity, customer_id, order_date) values (19, 19, 64, 3, '6/3/2019');
insert into orders (order_id, item_id, order_quantity, customer_id, order_date) values (189, 21, 63, 17, '2/24/2019');
insert into orders (order_id, item_id, order_quantity, customer_id, order_date) values (80, 23, 30, 27, '3/29/2019');
insert into orders (order_id, item_id, order_quantity, customer_id, order_date) values (67, 1, 9, 8, '7/9/2019');
insert into orders (order_id, item_id, order_quantity, customer_id, order_date) values (33, 3, 11, 22, '11/19/2018');
insert into orders (order_id, item_id, order_quantity, customer_id, order_date) values (99, 19, 86, 50, '10/20/2019');
insert into orders (order_id, item_id, order_quantity, customer_id, order_date) values (66, 4, 46, 55, '12/30/2018');
insert into orders (order_id, item_id, order_quantity, customer_id, order_date) values (127, 24, 12, 1, '4/22/2019');
insert into orders (order_id, item_id, order_quantity, customer_id, order_date) values (92, 16, 58, 42, '2/20/2019');
insert into orders (order_id, item_id, order_quantity, customer_id, order_date) values (40, 11, 69, 8, '9/8/2019');
insert into orders (order_id, item_id, order_quantity, customer_id, order_date) values (133, 11, 17, 13, '7/4/2019');
insert into orders (order_id, item_id, order_quantity, customer_id, order_date) values (35, 17, 100, 57, '1/3/2019');
insert into orders (order_id, item_id, order_quantity, customer_id, order_date) values (72, 16, 74, 41, '3/23/2019');
insert into orders (order_id, item_id, order_quantity, customer_id, order_date) values (199, 14, 9, 7, '6/3/2019');
insert into orders (order_id, item_id, order_quantity, customer_id, order_date) values (14, 3, 89, 43, '7/1/2019');
insert into orders (order_id, item_id, order_quantity, customer_id, order_date) values (179, 16, 73, 35, '6/20/2019');
insert into orders (order_id, item_id, order_quantity, customer_id, order_date) values (99, 8, 65, 11, '10/29/2018');
insert into orders (order_id, item_id, order_quantity, customer_id, order_date) values (110, 10, 86, 48, '11/17/2018');
insert into orders (order_id, item_id, order_quantity, customer_id, order_date) values (127, 14, 21, 13, '2/18/2019');
insert into orders (order_id, item_id, order_quantity, customer_id, order_date) values (188, 1, 77, 56, '3/5/2019');
insert into orders (order_id, item_id, order_quantity, customer_id, order_date) values (59, 9, 26, 56, '8/31/2019');
insert into orders (order_id, item_id, order_quantity, customer_id, order_date) values (169, 27, 50, 28, '2/12/2019');
insert into orders (order_id, item_id, order_quantity, customer_id, order_date) values (116, 5, 36, 50, '12/23/2018');
insert into orders (order_id, item_id, order_quantity, customer_id, order_date) values (4, 17, 24, 52, '7/27/2019');
insert into orders (order_id, item_id, order_quantity, customer_id, order_date) values (19, 9, 68, 56, '4/6/2019');
insert into orders (order_id, item_id, order_quantity, customer_id, order_date) values (101, 27, 84, 39, '8/22/2019');
insert into orders (order_id, item_id, order_quantity, customer_id, order_date) values (176, 22, 70, 43, '10/16/2019');
insert into orders (order_id, item_id, order_quantity, customer_id, order_date) values (43, 6, 42, 59, '7/10/2019');
insert into orders (order_id, item_id, order_quantity, customer_id, order_date) values (1, 20, 41, 18, '3/25/2019');
insert into orders (order_id, item_id, order_quantity, customer_id, order_date) values (89, 17, 40, 13, '6/14/2019');
insert into orders (order_id, item_id, order_quantity, customer_id, order_date) values (138, 8, 23, 46, '10/24/2019');
insert into orders (order_id, item_id, order_quantity, customer_id, order_date) values (92, 29, 86, 27, '8/20/2019');
insert into orders (order_id, item_id, order_quantity, customer_id, order_date) values (71, 29, 97, 29, '7/17/2019');
insert into orders (order_id, item_id, order_quantity, customer_id, order_date) values (75, 17, 2, 43, '11/4/2018');
insert into orders (order_id, item_id, order_quantity, customer_id, order_date) values (3, 23, 19, 11, '6/16/2019');
insert into orders (order_id, item_id, order_quantity, customer_id, order_date) values (11, 25, 31, 57, '1/1/2019');
insert into orders (order_id, item_id, order_quantity, customer_id, order_date) values (150, 24, 58, 39, '6/28/2019');
insert into orders (order_id, item_id, order_quantity, customer_id, order_date) values (61, 17, 80, 19, '7/12/2019');
insert into orders (order_id, item_id, order_quantity, customer_id, order_date) values (2, 25, 47, 34, '9/8/2019');
insert into orders (order_id, item_id, order_quantity, customer_id, order_date) values (73, 14, 76, 4, '6/2/2019');
insert into orders (order_id, item_id, order_quantity, customer_id, order_date) values (112, 25, 10, 42, '2/4/2019');
insert into orders (order_id, item_id, order_quantity, customer_id, order_date) values (72, 10, 62, 40, '6/6/2019');
insert into orders (order_id, item_id, order_quantity, customer_id, order_date) values (188, 20, 27, 46, '5/25/2019');
insert into orders (order_id, item_id, order_quantity, customer_id, order_date) values (100, 14, 43, 22, '12/16/2018');
insert into orders (order_id, item_id, order_quantity, customer_id, order_date) values (155, 3, 73, 19, '3/23/2019');
insert into orders (order_id, item_id, order_quantity, customer_id, order_date) values (94, 28, 74, 13, '7/24/2019');
insert into orders (order_id, item_id, order_quantity, customer_id, order_date) values (17, 19, 10, 41, '8/12/2019');
insert into orders (order_id, item_id, order_quantity, customer_id, order_date) values (45, 24, 72, 31, '11/4/2018');
insert into orders (order_id, item_id, order_quantity, customer_id, order_date) values (31, 12, 35, 13, '6/1/2019');
insert into orders (order_id, item_id, order_quantity, customer_id, order_date) values (185, 14, 94, 51, '5/2/2019');
insert into orders (order_id, item_id, order_quantity, customer_id, order_date) values (193, 5, 38, 35, '8/1/2019');
insert into orders (order_id, item_id, order_quantity, customer_id, order_date) values (44, 22, 5, 19, '7/8/2019');
insert into orders (order_id, item_id, order_quantity, customer_id, order_date) values (90, 12, 55, 12, '6/11/2019');
insert into orders (order_id, item_id, order_quantity, customer_id, order_date) values (91, 22, 22, 24, '9/3/2019');
insert into orders (order_id, item_id, order_quantity, customer_id, order_date) values (26, 19, 23, 21, '7/23/2019');
insert into orders (order_id, item_id, order_quantity, customer_id, order_date) values (114, 3, 32, 25, '1/24/2019');
insert into orders (order_id, item_id, order_quantity, customer_id, order_date) values (74, 23, 4, 3, '1/12/2019');
insert into orders (order_id, item_id, order_quantity, customer_id, order_date) values (35, 10, 3, 32, '4/17/2019');
insert into orders (order_id, item_id, order_quantity, customer_id, order_date) values (150, 6, 1, 56, '8/24/2019');
insert into orders (order_id, item_id, order_quantity, customer_id, order_date) values (114, 26, 40, 26, '8/12/2019');
insert into orders (order_id, item_id, order_quantity, customer_id, order_date) values (4, 15, 14, 15, '9/11/2019');
insert into orders (order_id, item_id, order_quantity, customer_id, order_date) values (101, 10, 19, 60, '11/25/2018');
insert into orders (order_id, item_id, order_quantity, customer_id, order_date) values (136, 2, 16, 31, '12/25/2018');
insert into orders (order_id, item_id, order_quantity, customer_id, order_date) values (149, 4, 12, 2, '1/7/2019');
insert into orders (order_id, item_id, order_quantity, customer_id, order_date) values (152, 10, 29, 23, '7/9/2019');
insert into orders (order_id, item_id, order_quantity, customer_id, order_date) values (173, 18, 72, 28, '7/31/2019');
insert into orders (order_id, item_id, order_quantity, customer_id, order_date) values (136, 1, 40, 28, '7/14/2019');
insert into orders (order_id, item_id, order_quantity, customer_id, order_date) values (76, 5, 17, 46, '8/27/2019');
insert into orders (order_id, item_id, order_quantity, customer_id, order_date) values (145, 6, 50, 44, '5/24/2019');
insert into orders (order_id, item_id, order_quantity, customer_id, order_date) values (170, 22, 83, 17, '10/28/2018');
insert into orders (order_id, item_id, order_quantity, customer_id, order_date) values (129, 4, 5, 48, '9/17/2019');
insert into orders (order_id, item_id, order_quantity, customer_id, order_date) values (147, 23, 46, 48, '6/24/2019');
insert into orders (order_id, item_id, order_quantity, customer_id, order_date) values (46, 13, 81, 37, '4/19/2019');
insert into orders (order_id, item_id, order_quantity, customer_id, order_date) values (120, 6, 66, 22, '1/19/2019');
insert into orders (order_id, item_id, order_quantity, customer_id, order_date) values (34, 28, 66, 14, '1/11/2019');
insert into orders (order_id, item_id, order_quantity, customer_id, order_date) values (178, 27, 46, 12, '7/10/2019');
insert into orders (order_id, item_id, order_quantity, customer_id, order_date) values (22, 24, 80, 26, '12/10/2018');
insert into orders (order_id, item_id, order_quantity, customer_id, order_date) values (132, 30, 89, 18, '12/11/2018');
insert into orders (order_id, item_id, order_quantity, customer_id, order_date) values (91, 9, 81, 5, '5/27/2019');
insert into orders (order_id, item_id, order_quantity, customer_id, order_date) values (1, 17, 77, 3, '12/2/2018');
insert into orders (order_id, item_id, order_quantity, customer_id, order_date) values (45, 30, 98, 56, '6/24/2019');
insert into orders (order_id, item_id, order_quantity, customer_id, order_date) values (49, 16, 60, 20, '10/18/2019');
insert into orders (order_id, item_id, order_quantity, customer_id, order_date) values (140, 12, 88, 39, '6/24/2019');
insert into orders (order_id, item_id, order_quantity, customer_id, order_date) values (89, 17, 79, 50, '6/22/2019');
insert into orders (order_id, item_id, order_quantity, customer_id, order_date) values (18, 15, 16, 41, '12/29/2018');
insert into orders (order_id, item_id, order_quantity, customer_id, order_date) values (179, 12, 44, 42, '7/1/2019');
insert into orders (order_id, item_id, order_quantity, customer_id, order_date) values (90, 21, 17, 2, '6/23/2019');
insert into orders (order_id, item_id, order_quantity, customer_id, order_date) values (33, 14, 44, 47, '9/30/2019');
insert into orders (order_id, item_id, order_quantity, customer_id, order_date) values (127, 15, 54, 26, '5/30/2019');
insert into orders (order_id, item_id, order_quantity, customer_id, order_date) values (186, 3, 69, 10, '11/7/2018');
insert into orders (order_id, item_id, order_quantity, customer_id, order_date) values (178, 4, 2, 30, '10/10/2019');
insert into orders (order_id, item_id, order_quantity, customer_id, order_date) values (33, 26, 26, 58, '3/17/2019');
insert into orders (order_id, item_id, order_quantity, customer_id, order_date) values (124, 28, 38, 38, '2/9/2019');
insert into orders (order_id, item_id, order_quantity, customer_id, order_date) values (51, 24, 22, 27, '1/27/2019');
insert into orders (order_id, item_id, order_quantity, customer_id, order_date) values (42, 30, 20, 36, '10/18/2019');
insert into orders (order_id, item_id, order_quantity, customer_id, order_date) values (16, 27, 62, 4, '8/29/2019');
insert into orders (order_id, item_id, order_quantity, customer_id, order_date) values (181, 23, 39, 20, '11/1/2018');
insert into orders (order_id, item_id, order_quantity, customer_id, order_date) values (31, 25, 9, 18, '3/4/2019');
insert into orders (order_id, item_id, order_quantity, customer_id, order_date) values (186, 18, 76, 11, '5/11/2019');
insert into orders (order_id, item_id, order_quantity, customer_id, order_date) values (160, 7, 83, 53, '4/4/2019');
insert into orders (order_id, item_id, order_quantity, customer_id, order_date) values (88, 29, 97, 32, '4/30/2019');
insert into orders (order_id, item_id, order_quantity, customer_id, order_date) values (195, 20, 90, 32, '7/9/2019');
insert into orders (order_id, item_id, order_quantity, customer_id, order_date) values (13, 7, 2, 28, '12/9/2018');
insert into orders (order_id, item_id, order_quantity, customer_id, order_date) values (38, 22, 80, 13, '12/11/2018');
insert into orders (order_id, item_id, order_quantity, customer_id, order_date) values (32, 22, 71, 48, '1/25/2019');
insert into orders (order_id, item_id, order_quantity, customer_id, order_date) values (23, 30, 8, 8, '10/28/2018');
insert into orders (order_id, item_id, order_quantity, customer_id, order_date) values (86, 18, 37, 45, '9/21/2019');
insert into orders (order_id, item_id, order_quantity, customer_id, order_date) values (55, 6, 46, 26, '11/26/2018');
insert into orders (order_id, item_id, order_quantity, customer_id, order_date) values (56, 25, 99, 38, '8/17/2019');
insert into orders (order_id, item_id, order_quantity, customer_id, order_date) values (146, 19, 53, 50, '1/10/2019');
insert into orders (order_id, item_id, order_quantity, customer_id, order_date) values (175, 1, 20, 44, '5/9/2019');
insert into orders (order_id, item_id, order_quantity, customer_id, order_date) values (178, 3, 57, 47, '4/23/2019');
insert into orders (order_id, item_id, order_quantity, customer_id, order_date) values (79, 8, 19, 27, '9/15/2019');
insert into orders (order_id, item_id, order_quantity, customer_id, order_date) values (125, 13, 49, 31, '11/8/2018');
insert into orders (order_id, item_id, order_quantity, customer_id, order_date) values (47, 26, 12, 41, '2/18/2019');
insert into orders (order_id, item_id, order_quantity, customer_id, order_date) values (35, 10, 67, 21, '5/6/2019');
insert into orders (order_id, item_id, order_quantity, customer_id, order_date) values (8, 20, 59, 23, '4/3/2019');
insert into orders (order_id, item_id, order_quantity, customer_id, order_date) values (74, 14, 38, 28, '4/7/2019');
insert into orders (order_id, item_id, order_quantity, customer_id, order_date) values (195, 7, 3, 8, '3/9/2019');
insert into orders (order_id, item_id, order_quantity, customer_id, order_date) values (185, 26, 5, 51, '4/10/2019');
insert into orders (order_id, item_id, order_quantity, customer_id, order_date) values (93, 12, 71, 49, '1/15/2019');
insert into orders (order_id, item_id, order_quantity, customer_id, order_date) values (85, 4, 34, 10, '5/3/2019');
insert into orders (order_id, item_id, order_quantity, customer_id, order_date) values (194, 21, 74, 42, '12/23/2018');
insert into orders (order_id, item_id, order_quantity, customer_id, order_date) values (66, 28, 30, 32, '1/8/2019');
insert into orders (order_id, item_id, order_quantity, customer_id, order_date) values (174, 16, 55, 38, '12/23/2018');
insert into orders (order_id, item_id, order_quantity, customer_id, order_date) values (16, 26, 64, 9, '7/8/2019');
insert into orders (order_id, item_id, order_quantity, customer_id, order_date) values (87, 26, 75, 52, '9/4/2019');
insert into orders (order_id, item_id, order_quantity, customer_id, order_date) values (162, 11, 77, 35, '9/22/2019');
insert into orders (order_id, item_id, order_quantity, customer_id, order_date) values (115, 22, 73, 36, '4/23/2019');
insert into orders (order_id, item_id, order_quantity, customer_id, order_date) values (22, 24, 11, 19, '6/13/2019');
insert into orders (order_id, item_id, order_quantity, customer_id, order_date) values (77, 16, 71, 24, '4/27/2019');
insert into orders (order_id, item_id, order_quantity, customer_id, order_date) values (134, 25, 1, 16, '2/4/2019');
insert into orders (order_id, item_id, order_quantity, customer_id, order_date) values (135, 23, 3, 21, '3/11/2019');
insert into orders (order_id, item_id, order_quantity, customer_id, order_date) values (73, 30, 27, 51, '11/4/2018');
insert into orders (order_id, item_id, order_quantity, customer_id, order_date) values (29, 9, 51, 39, '12/6/2018');
insert into orders (order_id, item_id, order_quantity, customer_id, order_date) values (55, 19, 63, 27, '10/1/2019');
insert into orders (order_id, item_id, order_quantity, customer_id, order_date) values (200, 26, 23, 54, '8/19/2019');
insert into orders (order_id, item_id, order_quantity, customer_id, order_date) values (31, 27, 5, 27, '11/29/2018');
insert into orders (order_id, item_id, order_quantity, customer_id, order_date) values (194, 11, 87, 22, '7/30/2019');
insert into orders (order_id, item_id, order_quantity, customer_id, order_date) values (193, 29, 55, 50, '7/30/2019');
insert into orders (order_id, item_id, order_quantity, customer_id, order_date) values (88, 11, 64, 36, '11/21/2018');
insert into orders (order_id, item_id, order_quantity, customer_id, order_date) values (181, 4, 56, 36, '5/31/2019');
insert into orders (order_id, item_id, order_quantity, customer_id, order_date) values (70, 6, 67, 9, '9/14/2019');
insert into orders (order_id, item_id, order_quantity, customer_id, order_date) values (88, 17, 64, 27, '11/17/2018');
insert into orders (order_id, item_id, order_quantity, customer_id, order_date) values (20, 22, 18, 36, '9/21/2019');
insert into orders (order_id, item_id, order_quantity, customer_id, order_date) values (151, 6, 11, 8, '5/13/2019');
insert into orders (order_id, item_id, order_quantity, customer_id, order_date) values (171, 30, 53, 50, '7/11/2019');
insert into orders (order_id, item_id, order_quantity, customer_id, order_date) values (64, 2, 48, 35, '2/17/2019');
insert into orders (order_id, item_id, order_quantity, customer_id, order_date) values (15, 23, 62, 3, '6/30/2019');
insert into orders (order_id, item_id, order_quantity, customer_id, order_date) values (179, 26, 1, 51, '7/29/2019');
insert into orders (order_id, item_id, order_quantity, customer_id, order_date) values (185, 4, 55, 18, '5/24/2019');
insert into orders (order_id, item_id, order_quantity, customer_id, order_date) values (163, 20, 69, 25, '12/23/2018');
insert into orders (order_id, item_id, order_quantity, customer_id, order_date) values (2, 16, 93, 56, '2/27/2019');
insert into orders (order_id, item_id, order_quantity, customer_id, order_date) values (56, 8, 77, 35, '10/27/2018');
insert into orders (order_id, item_id, order_quantity, customer_id, order_date) values (27, 24, 69, 31, '8/20/2019');
insert into orders (order_id, item_id, order_quantity, customer_id, order_date) values (141, 11, 60, 3, '2/9/2019');
insert into orders (order_id, item_id, order_quantity, customer_id, order_date) values (51, 10, 50, 56, '6/23/2019');
insert into orders (order_id, item_id, order_quantity, customer_id, order_date) values (193, 22, 58, 34, '12/28/2018');
insert into orders (order_id, item_id, order_quantity, customer_id, order_date) values (177, 8, 78, 53, '9/16/2019');
insert into orders (order_id, item_id, order_quantity, customer_id, order_date) values (176, 28, 61, 12, '3/1/2019');
insert into orders (order_id, item_id, order_quantity, customer_id, order_date) values (29, 20, 42, 51, '11/29/2018');
insert into orders (order_id, item_id, order_quantity, customer_id, order_date) values (6, 30, 73, 21, '6/30/2019');
insert into orders (order_id, item_id, order_quantity, customer_id, order_date) values (165, 1, 23, 4, '4/15/2019');
insert into orders (order_id, item_id, order_quantity, customer_id, order_date) values (44, 20, 1, 20, '11/1/2018');
insert into orders (order_id, item_id, order_quantity, customer_id, order_date) values (76, 9, 2, 48, '5/28/2019');
insert into orders (order_id, item_id, order_quantity, customer_id, order_date) values (158, 16, 72, 56, '9/23/2019');
insert into orders (order_id, item_id, order_quantity, customer_id, order_date) values (125, 10, 83, 8, '9/29/2019');
insert into orders (order_id, item_id, order_quantity, customer_id, order_date) values (164, 2, 69, 56, '11/5/2018');
insert into orders (order_id, item_id, order_quantity, customer_id, order_date) values (62, 23, 99, 24, '2/26/2019');
insert into orders (order_id, item_id, order_quantity, customer_id, order_date) values (126, 29, 61, 47, '10/7/2019');
insert into orders (order_id, item_id, order_quantity, customer_id, order_date) values (155, 11, 32, 6, '12/3/2018');
insert into orders (order_id, item_id, order_quantity, customer_id, order_date) values (135, 11, 46, 27, '10/25/2018');
insert into orders (order_id, item_id, order_quantity, customer_id, order_date) values (191, 28, 94, 38, '6/30/2019');
insert into orders (order_id, item_id, order_quantity, customer_id, order_date) values (190, 13, 71, 59, '7/28/2019');
insert into orders (order_id, item_id, order_quantity, customer_id, order_date) values (140, 20, 12, 26, '6/18/2019');
insert into orders (order_id, item_id, order_quantity, customer_id, order_date) values (33, 20, 89, 27, '5/29/2019');
insert into orders (order_id, item_id, order_quantity, customer_id, order_date) values (196, 15, 25, 35, '5/28/2019');
insert into orders (order_id, item_id, order_quantity, customer_id, order_date) values (164, 12, 90, 23, '12/20/2018');
insert into orders (order_id, item_id, order_quantity, customer_id, order_date) values (137, 9, 86, 13, '5/11/2019');
insert into orders (order_id, item_id, order_quantity, customer_id, order_date) values (125, 15, 61, 4, '1/11/2019');
insert into orders (order_id, item_id, order_quantity, customer_id, order_date) values (176, 3, 37, 57, '11/26/2018');
insert into orders (order_id, item_id, order_quantity, customer_id, order_date) values (43, 28, 47, 7, '3/23/2019');
insert into orders (order_id, item_id, order_quantity, customer_id, order_date) values (35, 29, 68, 25, '6/7/2019');
insert into orders (order_id, item_id, order_quantity, customer_id, order_date) values (116, 3, 5, 3, '3/12/2019');
insert into orders (order_id, item_id, order_quantity, customer_id, order_date) values (46, 24, 34, 27, '3/16/2019');
insert into orders (order_id, item_id, order_quantity, customer_id, order_date) values (83, 17, 12, 48, '3/2/2019');
insert into orders (order_id, item_id, order_quantity, customer_id, order_date) values (174, 6, 100, 42, '1/26/2019');
insert into orders (order_id, item_id, order_quantity, customer_id, order_date) values (125, 30, 85, 4, '8/18/2019');
insert into orders (order_id, item_id, order_quantity, customer_id, order_date) values (123, 10, 83, 18, '7/17/2019');
insert into orders (order_id, item_id, order_quantity, customer_id, order_date) values (44, 10, 24, 21, '11/9/2018');
insert into orders (order_id, item_id, order_quantity, customer_id, order_date) values (63, 18, 37, 10, '6/5/2019');
insert into orders (order_id, item_id, order_quantity, customer_id, order_date) values (200, 2, 20, 29, '11/2/2018');
insert into orders (order_id, item_id, order_quantity, customer_id, order_date) values (107, 30, 35, 14, '1/13/2019');
insert into orders (order_id, item_id, order_quantity, customer_id, order_date) values (194, 25, 87, 32, '6/5/2019');
insert into orders (order_id, item_id, order_quantity, customer_id, order_date) values (117, 5, 88, 36, '5/30/2019');
insert into orders (order_id, item_id, order_quantity, customer_id, order_date) values (84, 17, 81, 57, '6/28/2019');
insert into orders (order_id, item_id, order_quantity, customer_id, order_date) values (27, 22, 99, 3, '4/8/2019');
insert into orders (order_id, item_id, order_quantity, customer_id, order_date) values (47, 6, 67, 19, '3/26/2019');
insert into orders (order_id, item_id, order_quantity, customer_id, order_date) values (71, 1, 70, 1, '5/11/2019');
insert into orders (order_id, item_id, order_quantity, customer_id, order_date) values (55, 9, 53, 34, '7/11/2019');
insert into orders (order_id, item_id, order_quantity, customer_id, order_date) values (3, 29, 60, 49, '6/18/2019');
insert into orders (order_id, item_id, order_quantity, customer_id, order_date) values (83, 17, 87, 55, '4/26/2019');
insert into orders (order_id, item_id, order_quantity, customer_id, order_date) values (28, 15, 3, 37, '3/9/2019');
insert into orders (order_id, item_id, order_quantity, customer_id, order_date) values (116, 10, 38, 41, '12/27/2018');
insert into orders (order_id, item_id, order_quantity, customer_id, order_date) values (16, 16, 70, 56, '3/15/2019');
insert into orders (order_id, item_id, order_quantity, customer_id, order_date) values (27, 27, 20, 14, '9/3/2019');
insert into orders (order_id, item_id, order_quantity, customer_id, order_date) values (36, 26, 27, 38, '8/10/2019');
insert into orders (order_id, item_id, order_quantity, customer_id, order_date) values (30, 13, 3, 23, '4/1/2019');
insert into orders (order_id, item_id, order_quantity, customer_id, order_date) values (26, 29, 41, 23, '6/23/2019');
insert into orders (order_id, item_id, order_quantity, customer_id, order_date) values (24, 27, 64, 52, '1/20/2019');
insert into orders (order_id, item_id, order_quantity, customer_id, order_date) values (90, 29, 12, 36, '2/28/2019');
insert into orders (order_id, item_id, order_quantity, customer_id, order_date) values (71, 2, 45, 3, '5/22/2019');
insert into orders (order_id, item_id, order_quantity, customer_id, order_date) values (2, 17, 85, 4, '4/30/2019');
insert into orders (order_id, item_id, order_quantity, customer_id, order_date) values (4, 25, 30, 17, '5/14/2019');
insert into orders (order_id, item_id, order_quantity, customer_id, order_date) values (165, 1, 49, 49, '2/22/2019');
insert into orders (order_id, item_id, order_quantity, customer_id, order_date) values (145, 6, 91, 21, '11/21/2018');
insert into orders (order_id, item_id, order_quantity, customer_id, order_date) values (52, 28, 5, 29, '4/12/2019');
insert into orders (order_id, item_id, order_quantity, customer_id, order_date) values (171, 12, 43, 15, '11/6/2018');
insert into orders (order_id, item_id, order_quantity, customer_id, order_date) values (61, 23, 62, 11, '3/8/2019');
insert into orders (order_id, item_id, order_quantity, customer_id, order_date) values (33, 30, 53, 14, '3/26/2019');
insert into orders (order_id, item_id, order_quantity, customer_id, order_date) values (185, 20, 69, 57, '5/18/2019');
insert into orders (order_id, item_id, order_quantity, customer_id, order_date) values (15, 24, 46, 10, '9/11/2019');
insert into orders (order_id, item_id, order_quantity, customer_id, order_date) values (83, 17, 56, 35, '12/13/2018');
insert into orders (order_id, item_id, order_quantity, customer_id, order_date) values (81, 19, 45, 13, '11/11/2018');
insert into orders (order_id, item_id, order_quantity, customer_id, order_date) values (23, 21, 78, 34, '5/1/2019');
insert into orders (order_id, item_id, order_quantity, customer_id, order_date) values (25, 3, 4, 35, '10/15/2019');
insert into orders (order_id, item_id, order_quantity, customer_id, order_date) values (31, 4, 92, 49, '2/24/2019');
insert into orders (order_id, item_id, order_quantity, customer_id, order_date) values (81, 18, 25, 47, '5/12/2019');
insert into orders (order_id, item_id, order_quantity, customer_id, order_date) values (191, 24, 9, 2, '5/23/2019');
insert into orders (order_id, item_id, order_quantity, customer_id, order_date) values (162, 10, 61, 7, '6/8/2019');
insert into orders (order_id, item_id, order_quantity, customer_id, order_date) values (191, 28, 62, 39, '8/7/2019');
insert into orders (order_id, item_id, order_quantity, customer_id, order_date) values (189, 3, 55, 22, '11/13/2018');
insert into orders (order_id, item_id, order_quantity, customer_id, order_date) values (93, 8, 11, 15, '8/22/2019');
insert into orders (order_id, item_id, order_quantity, customer_id, order_date) values (200, 19, 97, 7, '5/26/2019');
insert into orders (order_id, item_id, order_quantity, customer_id, order_date) values (110, 17, 77, 34, '12/10/2018');
insert into orders (order_id, item_id, order_quantity, customer_id, order_date) values (136, 15, 99, 4, '11/24/2018');
insert into orders (order_id, item_id, order_quantity, customer_id, order_date) values (161, 18, 25, 50, '12/25/2018');
insert into orders (order_id, item_id, order_quantity, customer_id, order_date) values (64, 6, 61, 32, '2/7/2019');
insert into orders (order_id, item_id, order_quantity, customer_id, order_date) values (65, 14, 3, 58, '11/14/2018');
insert into orders (order_id, item_id, order_quantity, customer_id, order_date) values (161, 15, 86, 11, '5/21/2019');
insert into orders (order_id, item_id, order_quantity, customer_id, order_date) values (99, 26, 68, 28, '2/15/2019');
insert into orders (order_id, item_id, order_quantity, customer_id, order_date) values (8, 20, 20, 2, '11/30/2018');
insert into orders (order_id, item_id, order_quantity, customer_id, order_date) values (94, 11, 12, 13, '9/4/2019');
insert into orders (order_id, item_id, order_quantity, customer_id, order_date) values (198, 8, 44, 38, '4/2/2019');
insert into orders (order_id, item_id, order_quantity, customer_id, order_date) values (37, 20, 12, 45, '10/28/2018');
insert into orders (order_id, item_id, order_quantity, customer_id, order_date) values (87, 9, 74, 43, '1/20/2019');
insert into orders (order_id, item_id, order_quantity, customer_id, order_date) values (124, 7, 80, 28, '7/26/2019');
insert into orders (order_id, item_id, order_quantity, customer_id, order_date) values (101, 16, 40, 17, '9/3/2019');
insert into orders (order_id, item_id, order_quantity, customer_id, order_date) values (126, 18, 22, 55, '4/4/2019');
insert into orders (order_id, item_id, order_quantity, customer_id, order_date) values (154, 30, 61, 26, '8/13/2019');
insert into orders (order_id, item_id, order_quantity, customer_id, order_date) values (143, 25, 4, 34, '1/30/2019');
insert into orders (order_id, item_id, order_quantity, customer_id, order_date) values (14, 15, 87, 25, '11/20/2018');
insert into orders (order_id, item_id, order_quantity, customer_id, order_date) values (162, 2, 70, 25, '7/21/2019');
insert into orders (order_id, item_id, order_quantity, customer_id, order_date) values (129, 24, 61, 55, '4/12/2019');
insert into orders (order_id, item_id, order_quantity, customer_id, order_date) values (163, 21, 67, 9, '6/5/2019');
insert into orders (order_id, item_id, order_quantity, customer_id, order_date) values (167, 4, 60, 42, '2/3/2019');
insert into orders (order_id, item_id, order_quantity, customer_id, order_date) values (77, 28, 69, 45, '5/21/2019');
insert into orders (order_id, item_id, order_quantity, customer_id, order_date) values (55, 9, 51, 1, '12/29/2018');
insert into orders (order_id, item_id, order_quantity, customer_id, order_date) values (174, 7, 42, 52, '6/4/2019');
insert into orders (order_id, item_id, order_quantity, customer_id, order_date) values (90, 1, 96, 17, '12/24/2018');
insert into orders (order_id, item_id, order_quantity, customer_id, order_date) values (59, 19, 29, 8, '11/5/2018');
insert into orders (order_id, item_id, order_quantity, customer_id, order_date) values (65, 16, 92, 41, '9/5/2019');
insert into orders (order_id, item_id, order_quantity, customer_id, order_date) values (165, 23, 62, 2, '9/27/2019');
insert into orders (order_id, item_id, order_quantity, customer_id, order_date) values (36, 11, 57, 7, '7/26/2019');
insert into orders (order_id, item_id, order_quantity, customer_id, order_date) values (116, 26, 18, 46, '11/30/2018');
insert into orders (order_id, item_id, order_quantity, customer_id, order_date) values (137, 8, 91, 60, '11/18/2018');
insert into orders (order_id, item_id, order_quantity, customer_id, order_date) values (47, 21, 86, 9, '4/5/2019');
insert into orders (order_id, item_id, order_quantity, customer_id, order_date) values (51, 8, 68, 18, '7/23/2019');
insert into orders (order_id, item_id, order_quantity, customer_id, order_date) values (71, 17, 78, 47, '7/7/2019');
insert into orders (order_id, item_id, order_quantity, customer_id, order_date) values (43, 2, 31, 38, '12/8/2018');
insert into orders (order_id, item_id, order_quantity, customer_id, order_date) values (84, 19, 15, 23, '6/2/2019');
insert into orders (order_id, item_id, order_quantity, customer_id, order_date) values (49, 25, 31, 33, '11/15/2018');
insert into orders (order_id, item_id, order_quantity, customer_id, order_date) values (112, 12, 14, 60, '9/5/2019');
insert into orders (order_id, item_id, order_quantity, customer_id, order_date) values (56, 26, 85, 41, '2/19/2019');
insert into orders (order_id, item_id, order_quantity, customer_id, order_date) values (73, 14, 100, 16, '6/4/2019');
insert into orders (order_id, item_id, order_quantity, customer_id, order_date) values (139, 16, 90, 56, '6/11/2019');
insert into orders (order_id, item_id, order_quantity, customer_id, order_date) values (136, 29, 43, 29, '6/28/2019');
insert into orders (order_id, item_id, order_quantity, customer_id, order_date) values (119, 13, 41, 32, '4/13/2019');
insert into orders (order_id, item_id, order_quantity, customer_id, order_date) values (42, 18, 15, 16, '11/20/2018');
insert into orders (order_id, item_id, order_quantity, customer_id, order_date) values (114, 20, 6, 44, '7/27/2019');
insert into orders (order_id, item_id, order_quantity, customer_id, order_date) values (140, 22, 98, 51, '2/19/2019');
insert into orders (order_id, item_id, order_quantity, customer_id, order_date) values (46, 7, 3, 48, '10/1/2019');
insert into orders (order_id, item_id, order_quantity, customer_id, order_date) values (72, 17, 15, 49, '5/3/2019');
insert into orders (order_id, item_id, order_quantity, customer_id, order_date) values (52, 8, 82, 32, '4/16/2019');
insert into orders (order_id, item_id, order_quantity, customer_id, order_date) values (97, 4, 38, 51, '3/18/2019');
insert into orders (order_id, item_id, order_quantity, customer_id, order_date) values (89, 13, 84, 15, '9/13/2019');
insert into orders (order_id, item_id, order_quantity, customer_id, order_date) values (152, 7, 42, 40, '7/11/2019');
insert into orders (order_id, item_id, order_quantity, customer_id, order_date) values (163, 25, 64, 36, '11/2/2018');
insert into orders (order_id, item_id, order_quantity, customer_id, order_date) values (51, 21, 48, 28, '1/12/2019');
insert into orders (order_id, item_id, order_quantity, customer_id, order_date) values (196, 6, 40, 58, '8/19/2019');
insert into orders (order_id, item_id, order_quantity, customer_id, order_date) values (74, 27, 30, 27, '3/29/2019');
insert into orders (order_id, item_id, order_quantity, customer_id, order_date) values (93, 18, 3, 4, '9/20/2019');
insert into orders (order_id, item_id, order_quantity, customer_id, order_date) values (151, 29, 4, 2, '4/14/2019');
insert into orders (order_id, item_id, order_quantity, customer_id, order_date) values (129, 9, 73, 56, '10/1/2019');
insert into orders (order_id, item_id, order_quantity, customer_id, order_date) values (175, 21, 6, 15, '10/3/2019');
insert into orders (order_id, item_id, order_quantity, customer_id, order_date) values (13, 10, 17, 40, '4/19/2019');
insert into orders (order_id, item_id, order_quantity, customer_id, order_date) values (41, 17, 91, 25, '8/3/2019');
insert into orders (order_id, item_id, order_quantity, customer_id, order_date) values (26, 22, 48, 57, '4/11/2019');
insert into orders (order_id, item_id, order_quantity, customer_id, order_date) values (12, 17, 85, 58, '11/9/2018');
insert into orders (order_id, item_id, order_quantity, customer_id, order_date) values (19, 10, 80, 59, '11/6/2018');
insert into orders (order_id, item_id, order_quantity, customer_id, order_date) values (78, 30, 3, 44, '4/10/2019');
insert into orders (order_id, item_id, order_quantity, customer_id, order_date) values (78, 26, 81, 49, '8/25/2019');
insert into orders (order_id, item_id, order_quantity, customer_id, order_date) values (28, 10, 35, 28, '7/20/2019');
insert into orders (order_id, item_id, order_quantity, customer_id, order_date) values (87, 7, 45, 54, '11/21/2018');
insert into orders (order_id, item_id, order_quantity, customer_id, order_date) values (157, 12, 55, 5, '3/13/2019');
insert into orders (order_id, item_id, order_quantity, customer_id, order_date) values (23, 6, 30, 42, '2/21/2019');
insert into orders (order_id, item_id, order_quantity, customer_id, order_date) values (144, 16, 70, 28, '5/11/2019');
insert into orders (order_id, item_id, order_quantity, customer_id, order_date) values (29, 21, 86, 38, '1/23/2019');
insert into orders (order_id, item_id, order_quantity, customer_id, order_date) values (162, 17, 21, 16, '6/29/2019');
insert into orders (order_id, item_id, order_quantity, customer_id, order_date) values (127, 10, 61, 39, '9/13/2019');
insert into orders (order_id, item_id, order_quantity, customer_id, order_date) values (190, 2, 76, 16, '5/23/2019');
insert into orders (order_id, item_id, order_quantity, customer_id, order_date) values (159, 6, 8, 32, '10/15/2019');
insert into orders (order_id, item_id, order_quantity, customer_id, order_date) values (7, 21, 85, 12, '6/21/2019');
insert into orders (order_id, item_id, order_quantity, customer_id, order_date) values (71, 22, 71, 27, '6/23/2019');
insert into orders (order_id, item_id, order_quantity, customer_id, order_date) values (149, 2, 44, 48, '12/6/2018');
insert into orders (order_id, item_id, order_quantity, customer_id, order_date) values (8, 5, 53, 39, '11/24/2018');
insert into orders (order_id, item_id, order_quantity, customer_id, order_date) values (113, 18, 67, 38, '10/17/2019');
insert into orders (order_id, item_id, order_quantity, customer_id, order_date) values (70, 14, 49, 4, '6/15/2019');
insert into orders (order_id, item_id, order_quantity, customer_id, order_date) values (178, 28, 96, 8, '1/22/2019');
insert into orders (order_id, item_id, order_quantity, customer_id, order_date) values (196, 27, 22, 26, '8/18/2019');
insert into orders (order_id, item_id, order_quantity, customer_id, order_date) values (59, 18, 95, 11, '7/19/2019');
insert into orders (order_id, item_id, order_quantity, customer_id, order_date) values (162, 19, 72, 9, '1/22/2019');
insert into orders (order_id, item_id, order_quantity, customer_id, order_date) values (62, 17, 91, 55, '3/23/2019');
insert into orders (order_id, item_id, order_quantity, customer_id, order_date) values (67, 9, 70, 52, '11/10/2018');
insert into orders (order_id, item_id, order_quantity, customer_id, order_date) values (161, 29, 63, 54, '12/3/2018');
insert into orders (order_id, item_id, order_quantity, customer_id, order_date) values (100, 2, 71, 43, '11/29/2018');
insert into orders (order_id, item_id, order_quantity, customer_id, order_date) values (177, 10, 89, 33, '5/20/2019');
insert into orders (order_id, item_id, order_quantity, customer_id, order_date) values (52, 21, 23, 6, '2/16/2019');
insert into orders (order_id, item_id, order_quantity, customer_id, order_date) values (47, 26, 6, 34, '5/2/2019');
insert into orders (order_id, item_id, order_quantity, customer_id, order_date) values (126, 2, 51, 37, '5/28/2019');
insert into orders (order_id, item_id, order_quantity, customer_id, order_date) values (31, 3, 100, 53, '5/14/2019');
insert into orders (order_id, item_id, order_quantity, customer_id, order_date) values (165, 19, 80, 14, '5/14/2019');
insert into orders (order_id, item_id, order_quantity, customer_id, order_date) values (47, 4, 14, 33, '4/19/2019');
insert into orders (order_id, item_id, order_quantity, customer_id, order_date) values (189, 26, 70, 31, '12/23/2018');
insert into orders (order_id, item_id, order_quantity, customer_id, order_date) values (65, 29, 70, 6, '3/2/2019');
insert into orders (order_id, item_id, order_quantity, customer_id, order_date) values (111, 30, 77, 48, '6/7/2019');
insert into orders (order_id, item_id, order_quantity, customer_id, order_date) values (133, 11, 58, 12, '2/10/2019');
insert into orders (order_id, item_id, order_quantity, customer_id, order_date) values (151, 16, 8, 11, '5/30/2019');
insert into orders (order_id, item_id, order_quantity, customer_id, order_date) values (49, 11, 25, 33, '1/17/2019');
insert into orders (order_id, item_id, order_quantity, customer_id, order_date) values (200, 9, 7, 55, '7/29/2019');
insert into orders (order_id, item_id, order_quantity, customer_id, order_date) values (10, 3, 57, 34, '5/11/2019');
insert into orders (order_id, item_id, order_quantity, customer_id, order_date) values (154, 19, 46, 7, '10/12/2019');
insert into orders (order_id, item_id, order_quantity, customer_id, order_date) values (134, 27, 84, 5, '6/5/2019');
insert into orders (order_id, item_id, order_quantity, customer_id, order_date) values (185, 27, 7, 60, '10/18/2019');
insert into orders (order_id, item_id, order_quantity, customer_id, order_date) values (181, 11, 61, 16, '9/22/2019');
insert into orders (order_id, item_id, order_quantity, customer_id, order_date) values (37, 29, 9, 30, '3/16/2019');
insert into orders (order_id, item_id, order_quantity, customer_id, order_date) values (18, 19, 56, 25, '8/3/2019');
insert into orders (order_id, item_id, order_quantity, customer_id, order_date) values (63, 6, 15, 22, '12/5/2018');
insert into orders (order_id, item_id, order_quantity, customer_id, order_date) values (2, 26, 60, 26, '11/13/2018');
insert into orders (order_id, item_id, order_quantity, customer_id, order_date) values (110, 10, 51, 22, '10/10/2019');
insert into orders (order_id, item_id, order_quantity, customer_id, order_date) values (194, 11, 37, 24, '9/26/2019');
insert into orders (order_id, item_id, order_quantity, customer_id, order_date) values (112, 12, 48, 28, '7/15/2019');
insert into orders (order_id, item_id, order_quantity, customer_id, order_date) values (38, 8, 61, 32, '6/18/2019');
insert into orders (order_id, item_id, order_quantity, customer_id, order_date) values (194, 9, 8, 34, '10/24/2019');
insert into orders (order_id, item_id, order_quantity, customer_id, order_date) values (21, 6, 74, 10, '11/6/2018');
insert into orders (order_id, item_id, order_quantity, customer_id, order_date) values (99, 5, 72, 11, '4/12/2019');
insert into orders (order_id, item_id, order_quantity, customer_id, order_date) values (98, 17, 75, 38, '5/11/2019');
insert into orders (order_id, item_id, order_quantity, customer_id, order_date) values (147, 22, 59, 18, '9/14/2019');
insert into orders (order_id, item_id, order_quantity, customer_id, order_date) values (117, 3, 53, 8, '11/1/2018');
insert into orders (order_id, item_id, order_quantity, customer_id, order_date) values (61, 7, 97, 44, '1/1/2019');
insert into orders (order_id, item_id, order_quantity, customer_id, order_date) values (7, 11, 9, 26, '3/31/2019');
insert into orders (order_id, item_id, order_quantity, customer_id, order_date) values (136, 5, 23, 20, '11/28/2018');
insert into orders (order_id, item_id, order_quantity, customer_id, order_date) values (92, 4, 6, 6, '4/16/2019');
insert into orders (order_id, item_id, order_quantity, customer_id, order_date) values (27, 5, 66, 58, '5/22/2019');
insert into orders (order_id, item_id, order_quantity, customer_id, order_date) values (71, 20, 97, 23, '8/5/2019');
insert into orders (order_id, item_id, order_quantity, customer_id, order_date) values (145, 19, 94, 8, '1/16/2019');
insert into orders (order_id, item_id, order_quantity, customer_id, order_date) values (28, 6, 100, 52, '3/18/2019');
insert into orders (order_id, item_id, order_quantity, customer_id, order_date) values (59, 5, 34, 55, '2/15/2019');
insert into orders (order_id, item_id, order_quantity, customer_id, order_date) values (9, 1, 75, 59, '7/7/2019');
insert into orders (order_id, item_id, order_quantity, customer_id, order_date) values (162, 15, 27, 20, '7/20/2019');
insert into orders (order_id, item_id, order_quantity, customer_id, order_date) values (106, 22, 54, 50, '5/18/2019');
insert into orders (order_id, item_id, order_quantity, customer_id, order_date) values (131, 21, 77, 19, '10/3/2019');
insert into orders (order_id, item_id, order_quantity, customer_id, order_date) values (100, 15, 38, 8, '12/12/2018');
insert into orders (order_id, item_id, order_quantity, customer_id, order_date) values (86, 3, 41, 6, '10/18/2019');
insert into orders (order_id, item_id, order_quantity, customer_id, order_date) values (106, 6, 3, 27, '7/11/2019');
insert into orders (order_id, item_id, order_quantity, customer_id, order_date) values (160, 3, 94, 27, '2/14/2019');
insert into orders (order_id, item_id, order_quantity, customer_id, order_date) values (83, 21, 13, 47, '7/24/2019');
insert into orders (order_id, item_id, order_quantity, customer_id, order_date) values (75, 21, 65, 44, '2/26/2019');
insert into orders (order_id, item_id, order_quantity, customer_id, order_date) values (135, 14, 39, 37, '7/17/2019');
insert into orders (order_id, item_id, order_quantity, customer_id, order_date) values (111, 9, 32, 2, '11/21/2018');
insert into orders (order_id, item_id, order_quantity, customer_id, order_date) values (60, 17, 65, 38, '1/22/2019');
insert into orders (order_id, item_id, order_quantity, customer_id, order_date) values (18, 6, 53, 14, '12/31/2018');
insert into orders (order_id, item_id, order_quantity, customer_id, order_date) values (52, 26, 19, 10, '12/1/2018');
insert into orders (order_id, item_id, order_quantity, customer_id, order_date) values (187, 12, 9, 16, '4/11/2019');
insert into orders (order_id, item_id, order_quantity, customer_id, order_date) values (163, 8, 10, 3, '6/5/2019');
insert into orders (order_id, item_id, order_quantity, customer_id, order_date) values (200, 20, 37, 36, '1/8/2019');
insert into orders (order_id, item_id, order_quantity, customer_id, order_date) values (47, 10, 14, 59, '5/14/2019');
insert into orders (order_id, item_id, order_quantity, customer_id, order_date) values (142, 4, 75, 25, '5/6/2019');
insert into orders (order_id, item_id, order_quantity, customer_id, order_date) values (101, 27, 84, 53, '10/23/2019');
insert into orders (order_id, item_id, order_quantity, customer_id, order_date) values (7, 18, 27, 41, '8/28/2019');
insert into orders (order_id, item_id, order_quantity, customer_id, order_date) values (95, 27, 66, 20, '8/13/2019');
insert into orders (order_id, item_id, order_quantity, customer_id, order_date) values (147, 19, 68, 32, '10/1/2019');
insert into orders (order_id, item_id, order_quantity, customer_id, order_date) values (72, 29, 97, 34, '2/17/2019');
insert into orders (order_id, item_id, order_quantity, customer_id, order_date) values (158, 1, 34, 30, '11/30/2018');
insert into orders (order_id, item_id, order_quantity, customer_id, order_date) values (116, 11, 79, 44, '10/4/2019');
insert into orders (order_id, item_id, order_quantity, customer_id, order_date) values (94, 5, 47, 34, '2/12/2019');
insert into orders (order_id, item_id, order_quantity, customer_id, order_date) values (7, 10, 25, 45, '7/22/2019');
insert into orders (order_id, item_id, order_quantity, customer_id, order_date) values (73, 29, 73, 22, '3/10/2019');
insert into orders (order_id, item_id, order_quantity, customer_id, order_date) values (155, 1, 94, 26, '11/24/2018');
insert into orders (order_id, item_id, order_quantity, customer_id, order_date) values (18, 25, 10, 36, '8/20/2019');
insert into orders (order_id, item_id, order_quantity, customer_id, order_date) values (38, 26, 71, 58, '2/17/2019');
insert into orders (order_id, item_id, order_quantity, customer_id, order_date) values (176, 3, 82, 18, '5/27/2019');
insert into orders (order_id, item_id, order_quantity, customer_id, order_date) values (107, 21, 4, 5, '1/26/2019');
insert into orders (order_id, item_id, order_quantity, customer_id, order_date) values (111, 17, 82, 20, '9/16/2019');
insert into orders (order_id, item_id, order_quantity, customer_id, order_date) values (139, 11, 89, 9, '1/10/2019');
insert into orders (order_id, item_id, order_quantity, customer_id, order_date) values (198, 17, 89, 20, '6/2/2019');
insert into orders (order_id, item_id, order_quantity, customer_id, order_date) values (53, 7, 76, 33, '4/10/2019');
insert into orders (order_id, item_id, order_quantity, customer_id, order_date) values (115, 21, 55, 31, '5/7/2019');
insert into orders (order_id, item_id, order_quantity, customer_id, order_date) values (194, 11, 96, 34, '2/10/2019');
insert into orders (order_id, item_id, order_quantity, customer_id, order_date) values (66, 12, 3, 16, '11/6/2018');
insert into orders (order_id, item_id, order_quantity, customer_id, order_date) values (44, 12, 23, 55, '5/9/2019');
insert into orders (order_id, item_id, order_quantity, customer_id, order_date) values (65, 28, 15, 34, '4/12/2019');
insert into orders (order_id, item_id, order_quantity, customer_id, order_date) values (135, 13, 27, 7, '12/17/2018');
insert into orders (order_id, item_id, order_quantity, customer_id, order_date) values (145, 20, 32, 8, '5/20/2019');
insert into orders (order_id, item_id, order_quantity, customer_id, order_date) values (5, 25, 5, 17, '11/13/2018');
insert into orders (order_id, item_id, order_quantity, customer_id, order_date) values (138, 14, 55, 3, '12/28/2018');
insert into orders (order_id, item_id, order_quantity, customer_id, order_date) values (162, 21, 81, 21, '8/11/2019');
insert into orders (order_id, item_id, order_quantity, customer_id, order_date) values (186, 15, 41, 1, '4/22/2019');
insert into orders (order_id, item_id, order_quantity, customer_id, order_date) values (31, 1, 11, 52, '8/29/2019');
insert into orders (order_id, item_id, order_quantity, customer_id, order_date) values (31, 14, 44, 39, '1/17/2019');
insert into orders (order_id, item_id, order_quantity, customer_id, order_date) values (62, 6, 99, 59, '10/1/2019');
insert into orders (order_id, item_id, order_quantity, customer_id, order_date) values (152, 20, 27, 32, '4/19/2019');
insert into orders (order_id, item_id, order_quantity, customer_id, order_date) values (68, 27, 4, 43, '4/15/2019');
insert into orders (order_id, item_id, order_quantity, customer_id, order_date) values (106, 8, 83, 59, '7/21/2019');
insert into orders (order_id, item_id, order_quantity, customer_id, order_date) values (179, 25, 73, 57, '12/5/2018');
insert into orders (order_id, item_id, order_quantity, customer_id, order_date) values (108, 2, 99, 54, '4/28/2019');
insert into orders (order_id, item_id, order_quantity, customer_id, order_date) values (187, 28, 35, 9, '3/2/2019');
insert into orders (order_id, item_id, order_quantity, customer_id, order_date) values (2, 24, 9, 18, '10/16/2019');
insert into orders (order_id, item_id, order_quantity, customer_id, order_date) values (86, 1, 63, 25, '12/25/2018');
insert into orders (order_id, item_id, order_quantity, customer_id, order_date) values (124, 25, 72, 41, '10/6/2019');
insert into orders (order_id, item_id, order_quantity, customer_id, order_date) values (36, 23, 22, 15, '10/3/2019');
insert into orders (order_id, item_id, order_quantity, customer_id, order_date) values (130, 22, 38, 33, '6/1/2019');
insert into orders (order_id, item_id, order_quantity, customer_id, order_date) values (176, 5, 67, 6, '4/9/2019');
insert into orders (order_id, item_id, order_quantity, customer_id, order_date) values (137, 29, 59, 56, '1/19/2019');
insert into orders (order_id, item_id, order_quantity, customer_id, order_date) values (110, 26, 80, 35, '4/3/2019');
insert into orders (order_id, item_id, order_quantity, customer_id, order_date) values (126, 27, 72, 59, '6/22/2019');
insert into orders (order_id, item_id, order_quantity, customer_id, order_date) values (171, 16, 84, 9, '2/19/2019');
insert into orders (order_id, item_id, order_quantity, customer_id, order_date) values (180, 12, 13, 21, '1/9/2019');
insert into orders (order_id, item_id, order_quantity, customer_id, order_date) values (89, 13, 14, 6, '10/27/2018');
insert into orders (order_id, item_id, order_quantity, customer_id, order_date) values (102, 3, 70, 42, '7/24/2019');
insert into orders (order_id, item_id, order_quantity, customer_id, order_date) values (188, 16, 79, 50, '3/29/2019');
insert into orders (order_id, item_id, order_quantity, customer_id, order_date) values (106, 1, 20, 17, '2/9/2019');
insert into orders (order_id, item_id, order_quantity, customer_id, order_date) values (115, 12, 28, 19, '6/24/2019');
insert into orders (order_id, item_id, order_quantity, customer_id, order_date) values (25, 30, 44, 8, '3/27/2019');
insert into orders (order_id, item_id, order_quantity, customer_id, order_date) values (86, 1, 72, 25, '12/16/2018');
insert into orders (order_id, item_id, order_quantity, customer_id, order_date) values (101, 3, 39, 3, '1/30/2019');
insert into orders (order_id, item_id, order_quantity, customer_id, order_date) values (8, 16, 17, 58, '1/28/2019');
insert into orders (order_id, item_id, order_quantity, customer_id, order_date) values (16, 22, 76, 54, '3/18/2019');
insert into orders (order_id, item_id, order_quantity, customer_id, order_date) values (94, 25, 15, 22, '7/23/2019');
insert into orders (order_id, item_id, order_quantity, customer_id, order_date) values (10, 4, 47, 29, '12/7/2018');
insert into orders (order_id, item_id, order_quantity, customer_id, order_date) values (41, 25, 45, 47, '1/22/2019');
insert into orders (order_id, item_id, order_quantity, customer_id, order_date) values (129, 10, 35, 27, '9/25/2019');
insert into orders (order_id, item_id, order_quantity, customer_id, order_date) values (157, 22, 10, 36, '8/20/2019');
insert into orders (order_id, item_id, order_quantity, customer_id, order_date) values (40, 10, 62, 7, '12/11/2018');
insert into orders (order_id, item_id, order_quantity, customer_id, order_date) values (91, 21, 72, 42, '1/18/2019');
insert into orders (order_id, item_id, order_quantity, customer_id, order_date) values (7, 23, 98, 26, '9/1/2019');
insert into orders (order_id, item_id, order_quantity, customer_id, order_date) values (26, 17, 43, 3, '11/5/2018');
insert into orders (order_id, item_id, order_quantity, customer_id, order_date) values (191, 24, 17, 39, '3/17/2019');
insert into orders (order_id, item_id, order_quantity, customer_id, order_date) values (173, 30, 92, 52, '2/13/2019');
insert into orders (order_id, item_id, order_quantity, customer_id, order_date) values (13, 9, 44, 33, '6/14/2019');
insert into orders (order_id, item_id, order_quantity, customer_id, order_date) values (189, 17, 19, 35, '12/29/2018');
insert into orders (order_id, item_id, order_quantity, customer_id, order_date) values (48, 16, 60, 46, '6/6/2019');
insert into orders (order_id, item_id, order_quantity, customer_id, order_date) values (144, 22, 43, 24, '8/27/2019');
insert into orders (order_id, item_id, order_quantity, customer_id, order_date) values (4, 8, 50, 30, '10/10/2019');
insert into orders (order_id, item_id, order_quantity, customer_id, order_date) values (183, 23, 95, 32, '11/27/2018');
insert into orders (order_id, item_id, order_quantity, customer_id, order_date) values (166, 9, 16, 27, '1/3/2019');
insert into orders (order_id, item_id, order_quantity, customer_id, order_date) values (146, 25, 92, 59, '6/12/2019');
insert into orders (order_id, item_id, order_quantity, customer_id, order_date) values (27, 27, 81, 47, '1/31/2019');
insert into orders (order_id, item_id, order_quantity, customer_id, order_date) values (158, 7, 70, 15, '8/31/2019');
insert into orders (order_id, item_id, order_quantity, customer_id, order_date) values (120, 28, 100, 54, '12/19/2018');
insert into orders (order_id, item_id, order_quantity, customer_id, order_date) values (112, 21, 52, 17, '12/1/2018');
insert into orders (order_id, item_id, order_quantity, customer_id, order_date) values (105, 30, 65, 28, '2/13/2019');
insert into orders (order_id, item_id, order_quantity, customer_id, order_date) values (25, 8, 14, 59, '3/30/2019');
insert into orders (order_id, item_id, order_quantity, customer_id, order_date) values (2, 16, 75, 16, '9/30/2019');
insert into orders (order_id, item_id, order_quantity, customer_id, order_date) values (121, 4, 19, 28, '6/13/2019');
insert into orders (order_id, item_id, order_quantity, customer_id, order_date) values (167, 25, 76, 42, '11/2/2018');
insert into orders (order_id, item_id, order_quantity, customer_id, order_date) values (110, 12, 27, 22, '4/28/2019');
insert into orders (order_id, item_id, order_quantity, customer_id, order_date) values (159, 6, 21, 3, '8/11/2019');
insert into orders (order_id, item_id, order_quantity, customer_id, order_date) values (31, 9, 58, 22, '3/30/2019');
insert into orders (order_id, item_id, order_quantity, customer_id, order_date) values (200, 3, 80, 19, '8/26/2019');
insert into orders (order_id, item_id, order_quantity, customer_id, order_date) values (21, 9, 13, 33, '8/14/2019');
insert into orders (order_id, item_id, order_quantity, customer_id, order_date) values (40, 11, 79, 52, '2/12/2019');
insert into orders (order_id, item_id, order_quantity, customer_id, order_date) values (28, 7, 47, 9, '11/17/2018');
insert into orders (order_id, item_id, order_quantity, customer_id, order_date) values (40, 17, 92, 42, '3/21/2019');
insert into orders (order_id, item_id, order_quantity, customer_id, order_date) values (31, 28, 80, 4, '3/21/2019');
insert into orders (order_id, item_id, order_quantity, customer_id, order_date) values (110, 6, 82, 58, '10/9/2019');
insert into orders (order_id, item_id, order_quantity, customer_id, order_date) values (84, 1, 100, 24, '12/19/2018');
insert into orders (order_id, item_id, order_quantity, customer_id, order_date) values (198, 20, 96, 2, '2/26/2019');
insert into orders (order_id, item_id, order_quantity, customer_id, order_date) values (191, 9, 74, 25, '2/8/2019');
insert into orders (order_id, item_id, order_quantity, customer_id, order_date) values (108, 15, 6, 16, '4/9/2019');
insert into orders (order_id, item_id, order_quantity, customer_id, order_date) values (148, 13, 36, 7, '9/22/2019');
insert into orders (order_id, item_id, order_quantity, customer_id, order_date) values (34, 28, 43, 40, '6/21/2019');
insert into orders (order_id, item_id, order_quantity, customer_id, order_date) values (179, 18, 74, 49, '5/2/2019');
insert into orders (order_id, item_id, order_quantity, customer_id, order_date) values (97, 26, 49, 3, '9/4/2019');
insert into orders (order_id, item_id, order_quantity, customer_id, order_date) values (142, 2, 71, 38, '9/4/2019');
insert into orders (order_id, item_id, order_quantity, customer_id, order_date) values (35, 22, 95, 2, '3/15/2019');
insert into orders (order_id, item_id, order_quantity, customer_id, order_date) values (36, 20, 83, 8, '11/25/2018');
insert into orders (order_id, item_id, order_quantity, customer_id, order_date) values (41, 21, 85, 56, '9/3/2019');
insert into orders (order_id, item_id, order_quantity, customer_id, order_date) values (15, 11, 75, 53, '7/18/2019');
insert into orders (order_id, item_id, order_quantity, customer_id, order_date) values (8, 2, 71, 48, '9/28/2019');
insert into orders (order_id, item_id, order_quantity, customer_id, order_date) values (32, 26, 95, 35, '12/21/2018');
insert into orders (order_id, item_id, order_quantity, customer_id, order_date) values (90, 7, 83, 46, '2/28/2019');
insert into orders (order_id, item_id, order_quantity, customer_id, order_date) values (153, 3, 40, 37, '10/1/2019');
insert into orders (order_id, item_id, order_quantity, customer_id, order_date) values (133, 6, 100, 27, '4/18/2019');
insert into orders (order_id, item_id, order_quantity, customer_id, order_date) values (75, 2, 13, 10, '8/21/2019');
insert into orders (order_id, item_id, order_quantity, customer_id, order_date) values (196, 29, 13, 47, '8/30/2019');
insert into orders (order_id, item_id, order_quantity, customer_id, order_date) values (43, 22, 83, 37, '3/20/2019');
insert into orders (order_id, item_id, order_quantity, customer_id, order_date) values (176, 28, 99, 29, '1/10/2019');
insert into orders (order_id, item_id, order_quantity, customer_id, order_date) values (9, 7, 93, 38, '9/6/2019');
insert into orders (order_id, item_id, order_quantity, customer_id, order_date) values (80, 14, 52, 30, '3/1/2019');
insert into orders (order_id, item_id, order_quantity, customer_id, order_date) values (16, 6, 92, 36, '5/9/2019');
insert into orders (order_id, item_id, order_quantity, customer_id, order_date) values (31, 12, 23, 51, '10/12/2019');
insert into orders (order_id, item_id, order_quantity, customer_id, order_date) values (114, 28, 31, 26, '2/13/2019');
insert into orders (order_id, item_id, order_quantity, customer_id, order_date) values (63, 21, 88, 44, '5/16/2019');
insert into orders (order_id, item_id, order_quantity, customer_id, order_date) values (1, 16, 35, 44, '11/17/2018');
insert into orders (order_id, item_id, order_quantity, customer_id, order_date) values (70, 3, 95, 38, '1/25/2019');
insert into orders (order_id, item_id, order_quantity, customer_id, order_date) values (170, 23, 84, 43, '6/8/2019');
insert into orders (order_id, item_id, order_quantity, customer_id, order_date) values (54, 3, 97, 47, '5/25/2019');
insert into orders (order_id, item_id, order_quantity, customer_id, order_date) values (60, 30, 45, 19, '3/8/2019');
insert into orders (order_id, item_id, order_quantity, customer_id, order_date) values (110, 13, 77, 58, '12/7/2018');
insert into orders (order_id, item_id, order_quantity, customer_id, order_date) values (54, 12, 88, 50, '9/30/2019');
insert into orders (order_id, item_id, order_quantity, customer_id, order_date) values (131, 19, 56, 19, '5/20/2019');
insert into orders (order_id, item_id, order_quantity, customer_id, order_date) values (87, 26, 78, 21, '5/27/2019');
insert into orders (order_id, item_id, order_quantity, customer_id, order_date) values (191, 10, 28, 34, '7/31/2019');
insert into orders (order_id, item_id, order_quantity, customer_id, order_date) values (52, 11, 75, 14, '12/23/2018');
insert into orders (order_id, item_id, order_quantity, customer_id, order_date) values (7, 2, 29, 13, '9/7/2019');
insert into orders (order_id, item_id, order_quantity, customer_id, order_date) values (64, 26, 40, 50, '2/24/2019');
insert into orders (order_id, item_id, order_quantity, customer_id, order_date) values (179, 18, 69, 5, '7/1/2019');
insert into orders (order_id, item_id, order_quantity, customer_id, order_date) values (156, 3, 63, 44, '6/4/2019');
insert into orders (order_id, item_id, order_quantity, customer_id, order_date) values (167, 1, 25, 39, '3/7/2019');
insert into orders (order_id, item_id, order_quantity, customer_id, order_date) values (86, 4, 78, 17, '9/22/2019');
insert into orders (order_id, item_id, order_quantity, customer_id, order_date) values (98, 19, 40, 22, '3/18/2019');
insert into orders (order_id, item_id, order_quantity, customer_id, order_date) values (73, 15, 78, 25, '5/14/2019');
insert into orders (order_id, item_id, order_quantity, customer_id, order_date) values (57, 27, 62, 4, '6/28/2019');
insert into orders (order_id, item_id, order_quantity, customer_id, order_date) values (13, 3, 81, 9, '10/29/2018');
insert into orders (order_id, item_id, order_quantity, customer_id, order_date) values (69, 17, 99, 40, '8/17/2019');
insert into orders (order_id, item_id, order_quantity, customer_id, order_date) values (166, 4, 32, 32, '8/24/2019');
insert into orders (order_id, item_id, order_quantity, customer_id, order_date) values (128, 13, 79, 34, '11/10/2018');
insert into orders (order_id, item_id, order_quantity, customer_id, order_date) values (59, 9, 40, 50, '5/9/2019');
insert into orders (order_id, item_id, order_quantity, customer_id, order_date) values (38, 28, 72, 37, '9/2/2019');
insert into orders (order_id, item_id, order_quantity, customer_id, order_date) values (52, 23, 48, 26, '10/21/2019');
insert into orders (order_id, item_id, order_quantity, customer_id, order_date) values (141, 8, 98, 29, '1/29/2019');
insert into orders (order_id, item_id, order_quantity, customer_id, order_date) values (190, 26, 43, 44, '7/13/2019');
insert into orders (order_id, item_id, order_quantity, customer_id, order_date) values (83, 7, 57, 22, '7/25/2019');
insert into orders (order_id, item_id, order_quantity, customer_id, order_date) values (193, 6, 3, 14, '2/25/2019');
insert into orders (order_id, item_id, order_quantity, customer_id, order_date) values (19, 18, 60, 46, '6/29/2019');
insert into orders (order_id, item_id, order_quantity, customer_id, order_date) values (47, 2, 98, 46, '5/15/2019');
insert into orders (order_id, item_id, order_quantity, customer_id, order_date) values (27, 2, 38, 6, '12/23/2018');
insert into orders (order_id, item_id, order_quantity, customer_id, order_date) values (170, 21, 11, 11, '5/22/2019');
insert into orders (order_id, item_id, order_quantity, customer_id, order_date) values (180, 27, 43, 29, '3/16/2019');
insert into orders (order_id, item_id, order_quantity, customer_id, order_date) values (151, 7, 81, 23, '4/9/2019');
insert into orders (order_id, item_id, order_quantity, customer_id, order_date) values (59, 2, 23, 33, '8/3/2019');
insert into orders (order_id, item_id, order_quantity, customer_id, order_date) values (197, 16, 43, 45, '3/5/2019');
insert into orders (order_id, item_id, order_quantity, customer_id, order_date) values (119, 7, 86, 6, '9/17/2019');
insert into orders (order_id, item_id, order_quantity, customer_id, order_date) values (172, 29, 25, 1, '4/21/2019');
insert into orders (order_id, item_id, order_quantity, customer_id, order_date) values (121, 30, 16, 39, '1/24/2019');
insert into orders (order_id, item_id, order_quantity, customer_id, order_date) values (43, 7, 9, 49, '11/20/2018');
insert into orders (order_id, item_id, order_quantity, customer_id, order_date) values (68, 26, 41, 19, '10/24/2019');
insert into orders (order_id, item_id, order_quantity, customer_id, order_date) values (160, 12, 52, 12, '9/29/2019');
insert into orders (order_id, item_id, order_quantity, customer_id, order_date) values (84, 11, 63, 26, '8/29/2019');
insert into orders (order_id, item_id, order_quantity, customer_id, order_date) values (89, 12, 60, 56, '9/12/2019');
insert into orders (order_id, item_id, order_quantity, customer_id, order_date) values (88, 10, 98, 18, '2/15/2019');
insert into orders (order_id, item_id, order_quantity, customer_id, order_date) values (2, 27, 72, 11, '3/14/2019');
insert into orders (order_id, item_id, order_quantity, customer_id, order_date) values (63, 6, 99, 32, '7/27/2019');
insert into orders (order_id, item_id, order_quantity, customer_id, order_date) values (90, 5, 47, 30, '1/8/2019');
insert into orders (order_id, item_id, order_quantity, customer_id, order_date) values (107, 25, 95, 56, '6/1/2019');
insert into orders (order_id, item_id, order_quantity, customer_id, order_date) values (136, 14, 10, 14, '12/14/2018');
insert into orders (order_id, item_id, order_quantity, customer_id, order_date) values (49, 11, 70, 7, '9/7/2019');
insert into orders (order_id, item_id, order_quantity, customer_id, order_date) values (29, 25, 42, 39, '6/10/2019');
insert into orders (order_id, item_id, order_quantity, customer_id, order_date) values (158, 4, 2, 2, '7/11/2019');
insert into orders (order_id, item_id, order_quantity, customer_id, order_date) values (32, 22, 1, 35, '11/20/2018');
insert into orders (order_id, item_id, order_quantity, customer_id, order_date) values (2, 27, 22, 4, '4/2/2019');
insert into orders (order_id, item_id, order_quantity, customer_id, order_date) values (146, 12, 9, 42, '9/8/2019');
insert into orders (order_id, item_id, order_quantity, customer_id, order_date) values (9, 22, 56, 58, '10/23/2019');
insert into orders (order_id, item_id, order_quantity, customer_id, order_date) values (102, 20, 28, 8, '5/3/2019');
insert into orders (order_id, item_id, order_quantity, customer_id, order_date) values (20, 7, 28, 38, '5/7/2019');
insert into orders (order_id, item_id, order_quantity, customer_id, order_date) values (90, 9, 63, 20, '7/7/2019');
insert into orders (order_id, item_id, order_quantity, customer_id, order_date) values (24, 27, 37, 25, '1/26/2019');
insert into orders (order_id, item_id, order_quantity, customer_id, order_date) values (103, 7, 62, 28, '2/4/2019');
insert into orders (order_id, item_id, order_quantity, customer_id, order_date) values (119, 20, 95, 60, '7/22/2019');
insert into orders (order_id, item_id, order_quantity, customer_id, order_date) values (159, 19, 35, 25, '2/5/2019');
insert into orders (order_id, item_id, order_quantity, customer_id, order_date) values (65, 29, 57, 29, '9/5/2019');
insert into orders (order_id, item_id, order_quantity, customer_id, order_date) values (94, 26, 57, 49, '3/22/2019');
insert into orders (order_id, item_id, order_quantity, customer_id, order_date) values (154, 19, 10, 29, '2/3/2019');
insert into orders (order_id, item_id, order_quantity, customer_id, order_date) values (141, 9, 83, 40, '4/21/2019');
insert into orders (order_id, item_id, order_quantity, customer_id, order_date) values (183, 15, 16, 14, '12/31/2018');
insert into orders (order_id, item_id, order_quantity, customer_id, order_date) values (185, 18, 28, 43, '1/30/2019');
insert into orders (order_id, item_id, order_quantity, customer_id, order_date) values (36, 23, 64, 47, '1/3/2019');
insert into orders (order_id, item_id, order_quantity, customer_id, order_date) values (18, 12, 94, 37, '9/26/2019');
insert into orders (order_id, item_id, order_quantity, customer_id, order_date) values (6, 6, 31, 14, '7/9/2019');
insert into orders (order_id, item_id, order_quantity, customer_id, order_date) values (162, 3, 83, 31, '12/17/2018');
insert into orders (order_id, item_id, order_quantity, customer_id, order_date) values (172, 7, 96, 21, '4/18/2019');
insert into orders (order_id, item_id, order_quantity, customer_id, order_date) values (156, 3, 13, 60, '2/15/2019');
insert into orders (order_id, item_id, order_quantity, customer_id, order_date) values (175, 18, 84, 25, '9/2/2019');
insert into orders (order_id, item_id, order_quantity, customer_id, order_date) values (191, 23, 97, 21, '6/16/2019');
insert into orders (order_id, item_id, order_quantity, customer_id, order_date) values (120, 5, 4, 17, '2/13/2019');
insert into orders (order_id, item_id, order_quantity, customer_id, order_date) values (81, 3, 20, 4, '7/15/2019');
insert into orders (order_id, item_id, order_quantity, customer_id, order_date) values (73, 27, 29, 33, '8/7/2019');
insert into orders (order_id, item_id, order_quantity, customer_id, order_date) values (33, 24, 14, 60, '9/2/2019');
insert into orders (order_id, item_id, order_quantity, customer_id, order_date) values (127, 15, 48, 43, '8/24/2019');
insert into orders (order_id, item_id, order_quantity, customer_id, order_date) values (145, 18, 47, 44, '4/16/2019');
insert into orders (order_id, item_id, order_quantity, customer_id, order_date) values (150, 17, 79, 22, '2/18/2019');
insert into orders (order_id, item_id, order_quantity, customer_id, order_date) values (180, 30, 53, 18, '7/22/2019');
insert into orders (order_id, item_id, order_quantity, customer_id, order_date) values (64, 16, 37, 17, '9/20/2019');
insert into orders (order_id, item_id, order_quantity, customer_id, order_date) values (14, 17, 60, 49, '9/27/2019');
insert into orders (order_id, item_id, order_quantity, customer_id, order_date) values (73, 11, 29, 17, '9/21/2019');
insert into orders (order_id, item_id, order_quantity, customer_id, order_date) values (38, 9, 13, 53, '5/24/2019');
insert into orders (order_id, item_id, order_quantity, customer_id, order_date) values (181, 20, 25, 7, '4/19/2019');
insert into orders (order_id, item_id, order_quantity, customer_id, order_date) values (48, 10, 89, 43, '1/8/2019');
insert into orders (order_id, item_id, order_quantity, customer_id, order_date) values (78, 12, 19, 31, '4/24/2019');
insert into orders (order_id, item_id, order_quantity, customer_id, order_date) values (119, 19, 3, 14, '12/23/2018');
insert into orders (order_id, item_id, order_quantity, customer_id, order_date) values (91, 2, 27, 32, '2/5/2019');
insert into orders (order_id, item_id, order_quantity, customer_id, order_date) values (72, 1, 88, 57, '2/16/2019');
insert into orders (order_id, item_id, order_quantity, customer_id, order_date) values (15, 15, 76, 22, '8/4/2019');
insert into orders (order_id, item_id, order_quantity, customer_id, order_date) values (104, 8, 86, 39, '12/14/2018');
insert into orders (order_id, item_id, order_quantity, customer_id, order_date) values (27, 23, 93, 29, '5/7/2019');
insert into orders (order_id, item_id, order_quantity, customer_id, order_date) values (28, 23, 90, 6, '10/6/2019');
insert into orders (order_id, item_id, order_quantity, customer_id, order_date) values (183, 20, 28, 8, '1/7/2019');
insert into orders (order_id, item_id, order_quantity, customer_id, order_date) values (104, 15, 37, 36, '4/25/2019');
insert into orders (order_id, item_id, order_quantity, customer_id, order_date) values (64, 3, 64, 44, '9/20/2019');
insert into orders (order_id, item_id, order_quantity, customer_id, order_date) values (46, 27, 77, 2, '12/9/2018');
insert into orders (order_id, item_id, order_quantity, customer_id, order_date) values (50, 14, 34, 6, '2/22/2019');
insert into orders (order_id, item_id, order_quantity, customer_id, order_date) values (176, 29, 27, 46, '11/12/2018');
insert into orders (order_id, item_id, order_quantity, customer_id, order_date) values (144, 27, 27, 20, '9/27/2019');
insert into orders (order_id, item_id, order_quantity, customer_id, order_date) values (154, 30, 27, 23, '10/28/2018');
insert into orders (order_id, item_id, order_quantity, customer_id, order_date) values (50, 20, 78, 4, '1/30/2019');
insert into orders (order_id, item_id, order_quantity, customer_id, order_date) values (6, 4, 85, 37, '1/13/2019');
insert into orders (order_id, item_id, order_quantity, customer_id, order_date) values (81, 24, 76, 10, '3/20/2019');
insert into orders (order_id, item_id, order_quantity, customer_id, order_date) values (132, 28, 57, 17, '10/5/2019');
insert into orders (order_id, item_id, order_quantity, customer_id, order_date) values (77, 3, 5, 48, '11/16/2018');
insert into orders (order_id, item_id, order_quantity, customer_id, order_date) values (200, 24, 36, 54, '1/14/2019');
insert into orders (order_id, item_id, order_quantity, customer_id, order_date) values (3, 13, 11, 56, '3/6/2019');
insert into orders (order_id, item_id, order_quantity, customer_id, order_date) values (162, 11, 90, 29, '9/16/2019');
insert into orders (order_id, item_id, order_quantity, customer_id, order_date) values (180, 2, 38, 20, '7/11/2019');
insert into orders (order_id, item_id, order_quantity, customer_id, order_date) values (79, 2, 81, 19, '1/18/2019');
insert into orders (order_id, item_id, order_quantity, customer_id, order_date) values (146, 27, 15, 40, '1/26/2019');
insert into orders (order_id, item_id, order_quantity, customer_id, order_date) values (141, 5, 35, 9, '7/21/2019');
insert into orders (order_id, item_id, order_quantity, customer_id, order_date) values (126, 4, 66, 23, '5/6/2019');
insert into orders (order_id, item_id, order_quantity, customer_id, order_date) values (95, 25, 99, 24, '5/3/2019');
insert into orders (order_id, item_id, order_quantity, customer_id, order_date) values (6, 12, 22, 42, '7/15/2019');
insert into orders (order_id, item_id, order_quantity, customer_id, order_date) values (129, 6, 97, 5, '3/1/2019');
insert into orders (order_id, item_id, order_quantity, customer_id, order_date) values (49, 1, 3, 51, '9/6/2019');
insert into orders (order_id, item_id, order_quantity, customer_id, order_date) values (88, 10, 18, 46, '6/30/2019');
insert into orders (order_id, item_id, order_quantity, customer_id, order_date) values (155, 20, 17, 29, '12/30/2018');
insert into orders (order_id, item_id, order_quantity, customer_id, order_date) values (156, 18, 68, 39, '5/8/2019');
insert into orders (order_id, item_id, order_quantity, customer_id, order_date) values (127, 14, 14, 17, '2/21/2019');
insert into orders (order_id, item_id, order_quantity, customer_id, order_date) values (48, 21, 58, 41, '2/4/2019');
insert into orders (order_id, item_id, order_quantity, customer_id, order_date) values (142, 12, 53, 51, '10/4/2019');
insert into orders (order_id, item_id, order_quantity, customer_id, order_date) values (76, 2, 16, 20, '4/16/2019');
insert into orders (order_id, item_id, order_quantity, customer_id, order_date) values (190, 27, 2, 12, '2/25/2019');
insert into orders (order_id, item_id, order_quantity, customer_id, order_date) values (139, 30, 37, 26, '1/18/2019');
insert into orders (order_id, item_id, order_quantity, customer_id, order_date) values (117, 21, 12, 56, '1/12/2019');
insert into orders (order_id, item_id, order_quantity, customer_id, order_date) values (111, 11, 45, 12, '12/13/2018');
insert into orders (order_id, item_id, order_quantity, customer_id, order_date) values (162, 1, 5, 15, '6/29/2019');
insert into orders (order_id, item_id, order_quantity, customer_id, order_date) values (105, 25, 45, 27, '10/25/2018');
insert into orders (order_id, item_id, order_quantity, customer_id, order_date) values (129, 28, 82, 45, '9/26/2019');
insert into orders (order_id, item_id, order_quantity, customer_id, order_date) values (147, 19, 44, 25, '6/26/2019');
insert into orders (order_id, item_id, order_quantity, customer_id, order_date) values (11, 25, 98, 35, '7/12/2019');
insert into orders (order_id, item_id, order_quantity, customer_id, order_date) values (123, 13, 42, 33, '4/24/2019');
insert into orders (order_id, item_id, order_quantity, customer_id, order_date) values (2, 27, 28, 10, '8/2/2019');
insert into orders (order_id, item_id, order_quantity, customer_id, order_date) values (145, 9, 97, 35, '5/2/2019');
insert into orders (order_id, item_id, order_quantity, customer_id, order_date) values (19, 2, 68, 9, '10/1/2019');
insert into orders (order_id, item_id, order_quantity, customer_id, order_date) values (41, 29, 93, 7, '4/20/2019');
insert into orders (order_id, item_id, order_quantity, customer_id, order_date) values (130, 4, 53, 16, '12/30/2018');
insert into orders (order_id, item_id, order_quantity, customer_id, order_date) values (148, 4, 3, 46, '1/9/2019');
insert into orders (order_id, item_id, order_quantity, customer_id, order_date) values (33, 10, 33, 13, '4/15/2019');
insert into orders (order_id, item_id, order_quantity, customer_id, order_date) values (10, 4, 4, 57, '6/2/2019');
insert into orders (order_id, item_id, order_quantity, customer_id, order_date) values (41, 11, 98, 31, '9/30/2019');
insert into orders (order_id, item_id, order_quantity, customer_id, order_date) values (17, 10, 1, 11, '12/11/2018');
insert into orders (order_id, item_id, order_quantity, customer_id, order_date) values (183, 19, 18, 28, '9/25/2019');
insert into orders (order_id, item_id, order_quantity, customer_id, order_date) values (167, 8, 80, 38, '1/2/2019');
insert into orders (order_id, item_id, order_quantity, customer_id, order_date) values (167, 8, 20, 14, '9/17/2019');
insert into orders (order_id, item_id, order_quantity, customer_id, order_date) values (114, 26, 1, 21, '9/14/2019');
insert into orders (order_id, item_id, order_quantity, customer_id, order_date) values (112, 3, 30, 17, '4/3/2019');
insert into orders (order_id, item_id, order_quantity, customer_id, order_date) values (28, 17, 60, 8, '2/6/2019');
insert into orders (order_id, item_id, order_quantity, customer_id, order_date) values (61, 12, 35, 5, '8/10/2019');
insert into orders (order_id, item_id, order_quantity, customer_id, order_date) values (122, 3, 59, 48, '2/25/2019');
insert into orders (order_id, item_id, order_quantity, customer_id, order_date) values (122, 5, 79, 4, '7/18/2019');
insert into orders (order_id, item_id, order_quantity, customer_id, order_date) values (73, 15, 41, 45, '2/3/2019');
insert into orders (order_id, item_id, order_quantity, customer_id, order_date) values (198, 7, 56, 44, '8/8/2019');
insert into orders (order_id, item_id, order_quantity, customer_id, order_date) values (2, 19, 95, 17, '12/13/2018');
insert into orders (order_id, item_id, order_quantity, customer_id, order_date) values (149, 29, 71, 10, '9/6/2019');
insert into orders (order_id, item_id, order_quantity, customer_id, order_date) values (149, 23, 88, 35, '12/12/2018');
insert into orders (order_id, item_id, order_quantity, customer_id, order_date) values (31, 22, 2, 7, '7/5/2019');
insert into orders (order_id, item_id, order_quantity, customer_id, order_date) values (63, 26, 95, 17, '3/13/2019');
insert into orders (order_id, item_id, order_quantity, customer_id, order_date) values (147, 6, 69, 38, '7/22/2019');
insert into orders (order_id, item_id, order_quantity, customer_id, order_date) values (64, 2, 76, 7, '3/10/2019');
insert into orders (order_id, item_id, order_quantity, customer_id, order_date) values (17, 6, 77, 46, '8/12/2019');
insert into orders (order_id, item_id, order_quantity, customer_id, order_date) values (16, 17, 41, 19, '5/8/2019');
insert into orders (order_id, item_id, order_quantity, customer_id, order_date) values (189, 15, 3, 11, '7/24/2019');
insert into orders (order_id, item_id, order_quantity, customer_id, order_date) values (58, 11, 54, 9, '2/8/2019');
insert into orders (order_id, item_id, order_quantity, customer_id, order_date) values (138, 9, 21, 43, '10/22/2019');
insert into orders (order_id, item_id, order_quantity, customer_id, order_date) values (100, 12, 23, 43, '5/19/2019');
insert into orders (order_id, item_id, order_quantity, customer_id, order_date) values (60, 6, 70, 1, '12/16/2018');
insert into orders (order_id, item_id, order_quantity, customer_id, order_date) values (83, 21, 23, 19, '10/27/2018');
insert into orders (order_id, item_id, order_quantity, customer_id, order_date) values (49, 30, 36, 34, '2/4/2019');
insert into orders (order_id, item_id, order_quantity, customer_id, order_date) values (136, 24, 52, 8, '4/12/2019');
insert into orders (order_id, item_id, order_quantity, customer_id, order_date) values (179, 13, 88, 57, '6/7/2019');
insert into orders (order_id, item_id, order_quantity, customer_id, order_date) values (24, 11, 6, 40, '10/19/2019');
insert into orders (order_id, item_id, order_quantity, customer_id, order_date) values (137, 28, 8, 54, '12/6/2018');
insert into orders (order_id, item_id, order_quantity, customer_id, order_date) values (29, 13, 100, 39, '1/6/2019');
insert into orders (order_id, item_id, order_quantity, customer_id, order_date) values (184, 5, 92, 53, '5/28/2019');
insert into orders (order_id, item_id, order_quantity, customer_id, order_date) values (103, 17, 43, 28, '2/27/2019');
insert into orders (order_id, item_id, order_quantity, customer_id, order_date) values (6, 26, 93, 55, '10/21/2019');
insert into orders (order_id, item_id, order_quantity, customer_id, order_date) values (17, 3, 83, 23, '7/23/2019');
insert into orders (order_id, item_id, order_quantity, customer_id, order_date) values (34, 18, 7, 15, '1/13/2019');
insert into orders (order_id, item_id, order_quantity, customer_id, order_date) values (166, 29, 25, 20, '10/15/2019');
insert into orders (order_id, item_id, order_quantity, customer_id, order_date) values (53, 19, 64, 6, '10/8/2019');
insert into orders (order_id, item_id, order_quantity, customer_id, order_date) values (36, 23, 10, 3, '3/27/2019');
insert into orders (order_id, item_id, order_quantity, customer_id, order_date) values (12, 24, 23, 40, '1/30/2019');
insert into orders (order_id, item_id, order_quantity, customer_id, order_date) values (68, 3, 78, 2, '6/22/2019');
insert into orders (order_id, item_id, order_quantity, customer_id, order_date) values (157, 30, 4, 22, '11/16/2018');
insert into orders (order_id, item_id, order_quantity, customer_id, order_date) values (71, 23, 9, 43, '4/6/2019');
insert into orders (order_id, item_id, order_quantity, customer_id, order_date) values (43, 12, 26, 39, '1/3/2019');
insert into orders (order_id, item_id, order_quantity, customer_id, order_date) values (156, 30, 82, 46, '7/3/2019');
insert into orders (order_id, item_id, order_quantity, customer_id, order_date) values (130, 26, 49, 14, '9/15/2019');
insert into orders (order_id, item_id, order_quantity, customer_id, order_date) values (10, 24, 87, 27, '10/15/2019');
insert into orders (order_id, item_id, order_quantity, customer_id, order_date) values (118, 11, 8, 43, '7/24/2019');
insert into orders (order_id, item_id, order_quantity, customer_id, order_date) values (169, 9, 81, 17, '3/9/2019');
insert into orders (order_id, item_id, order_quantity, customer_id, order_date) values (142, 20, 8, 10, '5/7/2019');
insert into orders (order_id, item_id, order_quantity, customer_id, order_date) values (187, 29, 67, 44, '1/23/2019');
insert into orders (order_id, item_id, order_quantity, customer_id, order_date) values (163, 21, 78, 14, '2/21/2019');
insert into orders (order_id, item_id, order_quantity, customer_id, order_date) values (57, 8, 55, 53, '4/21/2019');
insert into orders (order_id, item_id, order_quantity, customer_id, order_date) values (122, 19, 84, 13, '8/7/2019');
insert into orders (order_id, item_id, order_quantity, customer_id, order_date) values (19, 8, 35, 1, '9/13/2019');
insert into orders (order_id, item_id, order_quantity, customer_id, order_date) values (125, 22, 65, 16, '3/9/2019');
insert into orders (order_id, item_id, order_quantity, customer_id, order_date) values (98, 12, 96, 6, '8/11/2019');
insert into orders (order_id, item_id, order_quantity, customer_id, order_date) values (131, 24, 93, 41, '9/23/2019');
insert into orders (order_id, item_id, order_quantity, customer_id, order_date) values (85, 8, 8, 46, '7/27/2019');
insert into orders (order_id, item_id, order_quantity, customer_id, order_date) values (97, 3, 33, 40, '12/25/2018');
insert into orders (order_id, item_id, order_quantity, customer_id, order_date) values (177, 8, 25, 44, '8/20/2019');
insert into orders (order_id, item_id, order_quantity, customer_id, order_date) values (193, 9, 3, 60, '11/23/2018');
insert into orders (order_id, item_id, order_quantity, customer_id, order_date) values (112, 17, 8, 5, '9/20/2019');
insert into orders (order_id, item_id, order_quantity, customer_id, order_date) values (10, 23, 8, 9, '6/7/2019');
insert into orders (order_id, item_id, order_quantity, customer_id, order_date) values (135, 11, 28, 1, '1/18/2019');
insert into orders (order_id, item_id, order_quantity, customer_id, order_date) values (101, 5, 74, 5, '4/21/2019');
insert into orders (order_id, item_id, order_quantity, customer_id, order_date) values (105, 9, 83, 22, '1/28/2019');
insert into orders (order_id, item_id, order_quantity, customer_id, order_date) values (164, 9, 71, 24, '4/28/2019');
insert into orders (order_id, item_id, order_quantity, customer_id, order_date) values (135, 19, 71, 9, '10/11/2019');
insert into orders (order_id, item_id, order_quantity, customer_id, order_date) values (97, 5, 46, 35, '10/5/2019');
insert into orders (order_id, item_id, order_quantity, customer_id, order_date) values (171, 2, 1, 51, '1/22/2019');
insert into orders (order_id, item_id, order_quantity, customer_id, order_date) values (153, 23, 55, 56, '11/9/2018');
insert into orders (order_id, item_id, order_quantity, customer_id, order_date) values (60, 25, 99, 49, '8/18/2019');
insert into orders (order_id, item_id, order_quantity, customer_id, order_date) values (178, 5, 33, 5, '4/12/2019');
insert into orders (order_id, item_id, order_quantity, customer_id, order_date) values (137, 10, 83, 42, '5/15/2019');
insert into orders (order_id, item_id, order_quantity, customer_id, order_date) values (24, 27, 28, 56, '4/19/2019');
insert into orders (order_id, item_id, order_quantity, customer_id, order_date) values (63, 3, 56, 25, '10/25/2018');
insert into orders (order_id, item_id, order_quantity, customer_id, order_date) values (114, 10, 82, 31, '5/21/2019');
insert into orders (order_id, item_id, order_quantity, customer_id, order_date) values (19, 11, 92, 57, '1/16/2019');
insert into orders (order_id, item_id, order_quantity, customer_id, order_date) values (150, 30, 30, 39, '8/21/2019');
insert into orders (order_id, item_id, order_quantity, customer_id, order_date) values (128, 3, 10, 59, '7/31/2019');
insert into orders (order_id, item_id, order_quantity, customer_id, order_date) values (72, 20, 82, 15, '12/22/2018');
insert into orders (order_id, item_id, order_quantity, customer_id, order_date) values (167, 2, 49, 7, '6/23/2019');
insert into orders (order_id, item_id, order_quantity, customer_id, order_date) values (87, 23, 4, 38, '4/12/2019');
insert into orders (order_id, item_id, order_quantity, customer_id, order_date) values (54, 27, 89, 60, '12/18/2018');
insert into orders (order_id, item_id, order_quantity, customer_id, order_date) values (42, 5, 19, 44, '1/4/2019');
insert into orders (order_id, item_id, order_quantity, customer_id, order_date) values (103, 30, 60, 32, '9/3/2019');
insert into orders (order_id, item_id, order_quantity, customer_id, order_date) values (29, 2, 87, 32, '1/12/2019');
insert into orders (order_id, item_id, order_quantity, customer_id, order_date) values (67, 10, 69, 24, '12/22/2018');
insert into orders (order_id, item_id, order_quantity, customer_id, order_date) values (94, 4, 58, 57, '2/22/2019');
insert into orders (order_id, item_id, order_quantity, customer_id, order_date) values (79, 20, 28, 24, '9/23/2019');
insert into orders (order_id, item_id, order_quantity, customer_id, order_date) values (50, 5, 15, 11, '1/21/2019');
insert into orders (order_id, item_id, order_quantity, customer_id, order_date) values (38, 5, 94, 14, '4/5/2019');
insert into orders (order_id, item_id, order_quantity, customer_id, order_date) values (114, 17, 16, 36, '9/12/2019');
insert into orders (order_id, item_id, order_quantity, customer_id, order_date) values (17, 13, 27, 52, '11/14/2018');
insert into orders (order_id, item_id, order_quantity, customer_id, order_date) values (20, 16, 85, 22, '7/16/2019');
insert into orders (order_id, item_id, order_quantity, customer_id, order_date) values (194, 9, 20, 50, '8/9/2019');
insert into orders (order_id, item_id, order_quantity, customer_id, order_date) values (58, 8, 72, 39, '8/13/2019');
insert into orders (order_id, item_id, order_quantity, customer_id, order_date) values (168, 14, 26, 47, '10/30/2018');
insert into orders (order_id, item_id, order_quantity, customer_id, order_date) values (102, 10, 26, 13, '5/18/2019');
insert into orders (order_id, item_id, order_quantity, customer_id, order_date) values (105, 3, 100, 46, '8/19/2019');
insert into orders (order_id, item_id, order_quantity, customer_id, order_date) values (78, 2, 56, 30, '1/25/2019');
insert into orders (order_id, item_id, order_quantity, customer_id, order_date) values (188, 9, 7, 27, '3/30/2019');
insert into orders (order_id, item_id, order_quantity, customer_id, order_date) values (57, 28, 43, 29, '11/6/2018');
insert into orders (order_id, item_id, order_quantity, customer_id, order_date) values (6, 18, 74, 27, '2/13/2019');
insert into orders (order_id, item_id, order_quantity, customer_id, order_date) values (177, 25, 34, 47, '9/13/2019');
insert into orders (order_id, item_id, order_quantity, customer_id, order_date) values (89, 2, 62, 50, '1/1/2019');
insert into orders (order_id, item_id, order_quantity, customer_id, order_date) values (34, 8, 3, 50, '11/17/2018');
insert into orders (order_id, item_id, order_quantity, customer_id, order_date) values (151, 22, 76, 8, '11/2/2018');
insert into orders (order_id, item_id, order_quantity, customer_id, order_date) values (115, 27, 79, 34, '7/21/2019');
insert into orders (order_id, item_id, order_quantity, customer_id, order_date) values (115, 23, 49, 26, '4/12/2019');
insert into orders (order_id, item_id, order_quantity, customer_id, order_date) values (100, 20, 14, 48, '6/19/2019');
insert into orders (order_id, item_id, order_quantity, customer_id, order_date) values (148, 6, 17, 9, '11/12/2018');
insert into orders (order_id, item_id, order_quantity, customer_id, order_date) values (60, 10, 52, 34, '12/3/2018');
insert into orders (order_id, item_id, order_quantity, customer_id, order_date) values (53, 15, 56, 15, '4/25/2019');
insert into orders (order_id, item_id, order_quantity, customer_id, order_date) values (3, 11, 79, 39, '3/15/2019');
insert into orders (order_id, item_id, order_quantity, customer_id, order_date) values (155, 20, 49, 44, '11/8/2018');
insert into orders (order_id, item_id, order_quantity, customer_id, order_date) values (84, 10, 58, 23, '8/4/2019');
insert into orders (order_id, item_id, order_quantity, customer_id, order_date) values (33, 15, 35, 20, '4/23/2019');
insert into orders (order_id, item_id, order_quantity, customer_id, order_date) values (113, 15, 29, 39, '5/17/2019');
insert into orders (order_id, item_id, order_quantity, customer_id, order_date) values (191, 17, 47, 44, '4/12/2019');
insert into orders (order_id, item_id, order_quantity, customer_id, order_date) values (9, 23, 64, 44, '2/8/2019');
insert into orders (order_id, item_id, order_quantity, customer_id, order_date) values (131, 3, 41, 48, '2/19/2019');
insert into orders (order_id, item_id, order_quantity, customer_id, order_date) values (183, 24, 66, 4, '1/30/2019');
insert into orders (order_id, item_id, order_quantity, customer_id, order_date) values (21, 17, 9, 41, '1/12/2019');
insert into orders (order_id, item_id, order_quantity, customer_id, order_date) values (169, 22, 72, 27, '7/14/2019');
insert into orders (order_id, item_id, order_quantity, customer_id, order_date) values (21, 26, 79, 15, '5/6/2019');
insert into orders (order_id, item_id, order_quantity, customer_id, order_date) values (145, 14, 53, 55, '7/18/2019');
insert into orders (order_id, item_id, order_quantity, customer_id, order_date) values (136, 30, 29, 4, '12/17/2018');
insert into orders (order_id, item_id, order_quantity, customer_id, order_date) values (182, 27, 21, 7, '10/19/2019');
insert into orders (order_id, item_id, order_quantity, customer_id, order_date) values (198, 13, 40, 56, '10/20/2019');
insert into orders (order_id, item_id, order_quantity, customer_id, order_date) values (200, 13, 76, 14, '8/28/2019');
insert into orders (order_id, item_id, order_quantity, customer_id, order_date) values (168, 29, 42, 30, '12/24/2018');
insert into orders (order_id, item_id, order_quantity, customer_id, order_date) values (70, 19, 8, 27, '11/24/2018');
insert into orders (order_id, item_id, order_quantity, customer_id, order_date) values (145, 11, 30, 42, '4/13/2019');
insert into orders (order_id, item_id, order_quantity, customer_id, order_date) values (150, 14, 59, 2, '4/25/2019');
insert into orders (order_id, item_id, order_quantity, customer_id, order_date) values (174, 10, 54, 52, '2/9/2019');
insert into orders (order_id, item_id, order_quantity, customer_id, order_date) values (189, 15, 9, 17, '11/16/2018');
insert into orders (order_id, item_id, order_quantity, customer_id, order_date) values (106, 13, 81, 16, '11/28/2018');
insert into orders (order_id, item_id, order_quantity, customer_id, order_date) values (72, 15, 13, 46, '1/15/2019');
insert into orders (order_id, item_id, order_quantity, customer_id, order_date) values (193, 4, 89, 7, '8/5/2019');
insert into orders (order_id, item_id, order_quantity, customer_id, order_date) values (85, 10, 74, 4, '5/20/2019');
insert into orders (order_id, item_id, order_quantity, customer_id, order_date) values (109, 4, 24, 47, '7/16/2019');
insert into orders (order_id, item_id, order_quantity, customer_id, order_date) values (161, 7, 59, 27, '7/13/2019');
insert into orders (order_id, item_id, order_quantity, customer_id, order_date) values (19, 30, 68, 20, '1/15/2019');
insert into orders (order_id, item_id, order_quantity, customer_id, order_date) values (104, 10, 95, 58, '7/5/2019');
insert into orders (order_id, item_id, order_quantity, customer_id, order_date) values (40, 22, 4, 19, '5/23/2019');
insert into orders (order_id, item_id, order_quantity, customer_id, order_date) values (48, 16, 83, 38, '4/27/2019');
insert into orders (order_id, item_id, order_quantity, customer_id, order_date) values (110, 13, 69, 54, '8/25/2019');
insert into orders (order_id, item_id, order_quantity, customer_id, order_date) values (182, 13, 10, 16, '9/12/2019');
insert into orders (order_id, item_id, order_quantity, customer_id, order_date) values (4, 13, 92, 36, '8/21/2019');
insert into orders (order_id, item_id, order_quantity, customer_id, order_date) values (102, 6, 12, 46, '5/30/2019');
insert into orders (order_id, item_id, order_quantity, customer_id, order_date) values (86, 30, 16, 51, '1/26/2019');
insert into orders (order_id, item_id, order_quantity, customer_id, order_date) values (125, 11, 46, 52, '1/26/2019');
insert into orders (order_id, item_id, order_quantity, customer_id, order_date) values (61, 25, 81, 1, '6/30/2019');
insert into orders (order_id, item_id, order_quantity, customer_id, order_date) values (117, 13, 91, 13, '10/5/2019');
insert into orders (order_id, item_id, order_quantity, customer_id, order_date) values (153, 22, 48, 10, '1/5/2019');
insert into orders (order_id, item_id, order_quantity, customer_id, order_date) values (47, 13, 90, 22, '2/14/2019');
insert into orders (order_id, item_id, order_quantity, customer_id, order_date) values (134, 6, 97, 1, '2/13/2019');
insert into orders (order_id, item_id, order_quantity, customer_id, order_date) values (112, 27, 99, 45, '5/27/2019');
insert into orders (order_id, item_id, order_quantity, customer_id, order_date) values (194, 25, 80, 53, '8/6/2019');
insert into orders (order_id, item_id, order_quantity, customer_id, order_date) values (128, 20, 79, 17, '1/29/2019');
insert into orders (order_id, item_id, order_quantity, customer_id, order_date) values (58, 11, 29, 24, '9/25/2019');
insert into orders (order_id, item_id, order_quantity, customer_id, order_date) values (70, 24, 39, 44, '3/6/2019');
insert into orders (order_id, item_id, order_quantity, customer_id, order_date) values (161, 18, 90, 5, '6/16/2019');
insert into orders (order_id, item_id, order_quantity, customer_id, order_date) values (51, 14, 42, 57, '2/9/2019');
insert into orders (order_id, item_id, order_quantity, customer_id, order_date) values (182, 28, 86, 30, '4/28/2019');
insert into orders (order_id, item_id, order_quantity, customer_id, order_date) values (195, 24, 33, 60, '12/14/2018');
insert into orders (order_id, item_id, order_quantity, customer_id, order_date) values (52, 30, 47, 15, '1/14/2019');
insert into orders (order_id, item_id, order_quantity, customer_id, order_date) values (138, 19, 49, 11, '12/8/2018');
insert into orders (order_id, item_id, order_quantity, customer_id, order_date) values (158, 28, 7, 59, '4/2/2019');
insert into orders (order_id, item_id, order_quantity, customer_id, order_date) values (194, 22, 17, 45, '8/18/2019');
insert into orders (order_id, item_id, order_quantity, customer_id, order_date) values (141, 14, 24, 56, '6/30/2019');
insert into orders (order_id, item_id, order_quantity, customer_id, order_date) values (6, 17, 46, 40, '3/2/2019');
insert into orders (order_id, item_id, order_quantity, customer_id, order_date) values (160, 21, 34, 28, '5/12/2019');
insert into orders (order_id, item_id, order_quantity, customer_id, order_date) values (141, 28, 5, 57, '11/28/2018');
insert into orders (order_id, item_id, order_quantity, customer_id, order_date) values (177, 18, 9, 15, '8/24/2019');
insert into orders (order_id, item_id, order_quantity, customer_id, order_date) values (45, 6, 78, 4, '5/4/2019');
insert into orders (order_id, item_id, order_quantity, customer_id, order_date) values (169, 25, 31, 36, '11/7/2018');
insert into orders (order_id, item_id, order_quantity, customer_id, order_date) values (106, 26, 73, 37, '8/11/2019');
insert into orders (order_id, item_id, order_quantity, customer_id, order_date) values (135, 28, 41, 11, '10/18/2019');
insert into orders (order_id, item_id, order_quantity, customer_id, order_date) values (36, 16, 38, 43, '4/17/2019');
insert into orders (order_id, item_id, order_quantity, customer_id, order_date) values (104, 23, 31, 48, '7/26/2019');
insert into orders (order_id, item_id, order_quantity, customer_id, order_date) values (11, 23, 31, 34, '3/22/2019');
insert into orders (order_id, item_id, order_quantity, customer_id, order_date) values (131, 21, 44, 57, '5/20/2019');
insert into orders (order_id, item_id, order_quantity, customer_id, order_date) values (164, 7, 61, 56, '2/4/2019');
insert into orders (order_id, item_id, order_quantity, customer_id, order_date) values (40, 16, 95, 26, '9/3/2019');
insert into orders (order_id, item_id, order_quantity, customer_id, order_date) values (85, 1, 41, 52, '10/31/2018');
insert into orders (order_id, item_id, order_quantity, customer_id, order_date) values (82, 20, 87, 20, '2/26/2019');
insert into orders (order_id, item_id, order_quantity, customer_id, order_date) values (66, 13, 34, 18, '5/25/2019');
insert into orders (order_id, item_id, order_quantity, customer_id, order_date) values (76, 3, 89, 15, '12/31/2018');
insert into orders (order_id, item_id, order_quantity, customer_id, order_date) values (3, 17, 6, 50, '12/14/2018');
insert into orders (order_id, item_id, order_quantity, customer_id, order_date) values (185, 12, 76, 40, '1/6/2019');
insert into orders (order_id, item_id, order_quantity, customer_id, order_date) values (33, 24, 77, 18, '4/3/2019');
insert into orders (order_id, item_id, order_quantity, customer_id, order_date) values (104, 9, 80, 51, '1/30/2019');
insert into orders (order_id, item_id, order_quantity, customer_id, order_date) values (43, 15, 40, 24, '3/16/2019');
insert into orders (order_id, item_id, order_quantity, customer_id, order_date) values (63, 8, 99, 58, '11/25/2018');
insert into orders (order_id, item_id, order_quantity, customer_id, order_date) values (95, 4, 15, 49, '2/15/2019');
insert into orders (order_id, item_id, order_quantity, customer_id, order_date) values (101, 26, 32, 41, '12/2/2018');
insert into orders (order_id, item_id, order_quantity, customer_id, order_date) values (187, 15, 50, 22, '8/19/2019');
insert into orders (order_id, item_id, order_quantity, customer_id, order_date) values (106, 15, 48, 26, '11/21/2018');
insert into orders (order_id, item_id, order_quantity, customer_id, order_date) values (155, 26, 42, 11, '10/10/2019');
insert into orders (order_id, item_id, order_quantity, customer_id, order_date) values (140, 21, 23, 19, '10/8/2019');
insert into orders (order_id, item_id, order_quantity, customer_id, order_date) values (157, 18, 99, 19, '10/4/2019');
insert into orders (order_id, item_id, order_quantity, customer_id, order_date) values (12, 5, 48, 47, '5/3/2019');
insert into orders (order_id, item_id, order_quantity, customer_id, order_date) values (54, 8, 2, 46, '2/18/2019');
insert into orders (order_id, item_id, order_quantity, customer_id, order_date) values (41, 3, 77, 47, '8/25/2019');
insert into orders (order_id, item_id, order_quantity, customer_id, order_date) values (136, 14, 33, 3, '9/23/2019');
insert into orders (order_id, item_id, order_quantity, customer_id, order_date) values (140, 29, 45, 45, '6/1/2019');
insert into orders (order_id, item_id, order_quantity, customer_id, order_date) values (123, 22, 57, 46, '12/19/2018');
insert into orders (order_id, item_id, order_quantity, customer_id, order_date) values (89, 25, 46, 27, '10/15/2019');
insert into orders (order_id, item_id, order_quantity, customer_id, order_date) values (106, 7, 69, 45, '12/11/2018');
insert into orders (order_id, item_id, order_quantity, customer_id, order_date) values (96, 10, 79, 13, '7/15/2019');
insert into orders (order_id, item_id, order_quantity, customer_id, order_date) values (36, 24, 80, 49, '11/26/2018');
insert into orders (order_id, item_id, order_quantity, customer_id, order_date) values (90, 14, 14, 7, '9/23/2019');
insert into orders (order_id, item_id, order_quantity, customer_id, order_date) values (34, 5, 61, 5, '9/28/2019');
insert into orders (order_id, item_id, order_quantity, customer_id, order_date) values (128, 23, 97, 6, '2/27/2019');
insert into orders (order_id, item_id, order_quantity, customer_id, order_date) values (51, 11, 73, 55, '3/31/2019');
insert into orders (order_id, item_id, order_quantity, customer_id, order_date) values (83, 8, 41, 38, '4/15/2019');
insert into orders (order_id, item_id, order_quantity, customer_id, order_date) values (22, 30, 50, 45, '4/13/2019');
insert into orders (order_id, item_id, order_quantity, customer_id, order_date) values (125, 10, 32, 30, '1/13/2019');
insert into orders (order_id, item_id, order_quantity, customer_id, order_date) values (65, 6, 55, 51, '1/7/2019');
insert into orders (order_id, item_id, order_quantity, customer_id, order_date) values (103, 11, 50, 1, '10/22/2019');
insert into orders (order_id, item_id, order_quantity, customer_id, order_date) values (78, 4, 53, 15, '9/15/2019');
insert into orders (order_id, item_id, order_quantity, customer_id, order_date) values (50, 11, 34, 58, '7/20/2019');
insert into orders (order_id, item_id, order_quantity, customer_id, order_date) values (5, 28, 86, 22, '11/7/2018');
insert into orders (order_id, item_id, order_quantity, customer_id, order_date) values (136, 1, 96, 33, '6/22/2019');
insert into orders (order_id, item_id, order_quantity, customer_id, order_date) values (6, 8, 60, 13, '10/3/2019');
insert into orders (order_id, item_id, order_quantity, customer_id, order_date) values (137, 27, 71, 34, '4/21/2019');
insert into orders (order_id, item_id, order_quantity, customer_id, order_date) values (69, 11, 90, 50, '4/7/2019');
insert into orders (order_id, item_id, order_quantity, customer_id, order_date) values (10, 13, 90, 37, '12/10/2018');
insert into orders (order_id, item_id, order_quantity, customer_id, order_date) values (15, 5, 98, 54, '3/20/2019');
insert into orders (order_id, item_id, order_quantity, customer_id, order_date) values (55, 4, 28, 32, '11/14/2018');
insert into orders (order_id, item_id, order_quantity, customer_id, order_date) values (175, 18, 50, 49, '12/23/2018');
insert into orders (order_id, item_id, order_quantity, customer_id, order_date) values (136, 3, 31, 13, '9/5/2019');
insert into orders (order_id, item_id, order_quantity, customer_id, order_date) values (63, 18, 3, 38, '8/6/2019');
insert into orders (order_id, item_id, order_quantity, customer_id, order_date) values (54, 30, 96, 16, '3/5/2019');
insert into orders (order_id, item_id, order_quantity, customer_id, order_date) values (107, 15, 38, 27, '12/5/2018');
insert into orders (order_id, item_id, order_quantity, customer_id, order_date) values (80, 11, 59, 8, '12/8/2018');
insert into orders (order_id, item_id, order_quantity, customer_id, order_date) values (125, 14, 71, 2, '1/24/2019');
insert into orders (order_id, item_id, order_quantity, customer_id, order_date) values (122, 7, 76, 30, '11/20/2018');
insert into orders (order_id, item_id, order_quantity, customer_id, order_date) values (183, 1, 17, 45, '10/9/2019');
insert into orders (order_id, item_id, order_quantity, customer_id, order_date) values (182, 14, 42, 53, '12/30/2018');
insert into orders (order_id, item_id, order_quantity, customer_id, order_date) values (71, 21, 40, 12, '7/18/2019');
insert into orders (order_id, item_id, order_quantity, customer_id, order_date) values (93, 8, 2, 23, '10/17/2019');
insert into orders (order_id, item_id, order_quantity, customer_id, order_date) values (145, 20, 83, 32, '1/8/2019');
insert into orders (order_id, item_id, order_quantity, customer_id, order_date) values (200, 25, 91, 10, '11/8/2018');
insert into orders (order_id, item_id, order_quantity, customer_id, order_date) values (125, 9, 67, 48, '9/4/2019');
insert into orders (order_id, item_id, order_quantity, customer_id, order_date) values (107, 19, 79, 42, '1/20/2019');
insert into orders (order_id, item_id, order_quantity, customer_id, order_date) values (196, 16, 18, 49, '6/26/2019');
insert into orders (order_id, item_id, order_quantity, customer_id, order_date) values (104, 7, 33, 48, '1/6/2019');
insert into orders (order_id, item_id, order_quantity, customer_id, order_date) values (104, 25, 80, 44, '4/19/2019');
insert into orders (order_id, item_id, order_quantity, customer_id, order_date) values (109, 19, 28, 41, '9/24/2019');
insert into orders (order_id, item_id, order_quantity, customer_id, order_date) values (133, 10, 36, 26, '3/14/2019');
insert into orders (order_id, item_id, order_quantity, customer_id, order_date) values (7, 9, 83, 52, '1/18/2019');
insert into orders (order_id, item_id, order_quantity, customer_id, order_date) values (41, 3, 20, 18, '10/17/2019');
insert into orders (order_id, item_id, order_quantity, customer_id, order_date) values (102, 12, 98, 38, '7/2/2019');
insert into orders (order_id, item_id, order_quantity, customer_id, order_date) values (162, 25, 53, 59, '3/21/2019');
insert into orders (order_id, item_id, order_quantity, customer_id, order_date) values (43, 9, 77, 20, '5/30/2019');
insert into orders (order_id, item_id, order_quantity, customer_id, order_date) values (196, 27, 21, 27, '10/14/2019');
insert into orders (order_id, item_id, order_quantity, customer_id, order_date) values (16, 23, 20, 28, '2/23/2019');
insert into orders (order_id, item_id, order_quantity, customer_id, order_date) values (44, 13, 66, 9, '1/30/2019');
insert into orders (order_id, item_id, order_quantity, customer_id, order_date) values (54, 20, 15, 18, '5/14/2019');
insert into orders (order_id, item_id, order_quantity, customer_id, order_date) values (89, 21, 93, 11, '11/23/2018');
insert into orders (order_id, item_id, order_quantity, customer_id, order_date) values (86, 11, 55, 19, '11/27/2018');
insert into orders (order_id, item_id, order_quantity, customer_id, order_date) values (111, 4, 89, 28, '7/30/2019');
insert into orders (order_id, item_id, order_quantity, customer_id, order_date) values (94, 3, 66, 22, '1/13/2019');
insert into orders (order_id, item_id, order_quantity, customer_id, order_date) values (128, 20, 34, 18, '12/3/2018');
insert into orders (order_id, item_id, order_quantity, customer_id, order_date) values (85, 1, 75, 2, '4/10/2019');
insert into orders (order_id, item_id, order_quantity, customer_id, order_date) values (4, 21, 28, 58, '7/23/2019');
insert into orders (order_id, item_id, order_quantity, customer_id, order_date) values (113, 22, 57, 44, '3/7/2019');
insert into orders (order_id, item_id, order_quantity, customer_id, order_date) values (145, 24, 19, 26, '1/31/2019');
insert into orders (order_id, item_id, order_quantity, customer_id, order_date) values (133, 5, 53, 34, '9/14/2019');
insert into orders (order_id, item_id, order_quantity, customer_id, order_date) values (23, 1, 7, 43, '4/14/2019');
insert into orders (order_id, item_id, order_quantity, customer_id, order_date) values (122, 9, 69, 55, '1/22/2019');
insert into orders (order_id, item_id, order_quantity, customer_id, order_date) values (146, 13, 7, 36, '4/7/2019');
insert into orders (order_id, item_id, order_quantity, customer_id, order_date) values (129, 15, 67, 42, '4/10/2019');
insert into orders (order_id, item_id, order_quantity, customer_id, order_date) values (10, 16, 12, 4, '1/11/2019');
insert into orders (order_id, item_id, order_quantity, customer_id, order_date) values (99, 26, 6, 5, '2/13/2019');
insert into orders (order_id, item_id, order_quantity, customer_id, order_date) values (166, 22, 94, 39, '8/9/2019');
insert into orders (order_id, item_id, order_quantity, customer_id, order_date) values (95, 10, 75, 4, '6/1/2019');
insert into orders (order_id, item_id, order_quantity, customer_id, order_date) values (193, 22, 29, 52, '5/8/2019');
insert into orders (order_id, item_id, order_quantity, customer_id, order_date) values (32, 30, 94, 56, '2/28/2019');
insert into orders (order_id, item_id, order_quantity, customer_id, order_date) values (124, 16, 14, 2, '8/27/2019');
insert into orders (order_id, item_id, order_quantity, customer_id, order_date) values (189, 23, 54, 40, '7/24/2019');
insert into orders (order_id, item_id, order_quantity, customer_id, order_date) values (74, 25, 73, 45, '3/11/2019');
insert into orders (order_id, item_id, order_quantity, customer_id, order_date) values (71, 9, 52, 8, '10/18/2019');
insert into orders (order_id, item_id, order_quantity, customer_id, order_date) values (26, 24, 92, 20, '1/15/2019');
insert into orders (order_id, item_id, order_quantity, customer_id, order_date) values (74, 24, 82, 20, '7/8/2019');
insert into orders (order_id, item_id, order_quantity, customer_id, order_date) values (196, 13, 5, 17, '5/22/2019');
insert into orders (order_id, item_id, order_quantity, customer_id, order_date) values (20, 25, 2, 9, '8/20/2019');
insert into orders (order_id, item_id, order_quantity, customer_id, order_date) values (168, 23, 28, 30, '1/1/2019');
insert into orders (order_id, item_id, order_quantity, customer_id, order_date) values (4, 27, 69, 27, '6/29/2019');
insert into orders (order_id, item_id, order_quantity, customer_id, order_date) values (73, 21, 46, 11, '2/19/2019');
insert into orders (order_id, item_id, order_quantity, customer_id, order_date) values (120, 15, 21, 13, '4/29/2019');
insert into orders (order_id, item_id, order_quantity, customer_id, order_date) values (146, 12, 21, 22, '11/16/2018');
insert into orders (order_id, item_id, order_quantity, customer_id, order_date) values (23, 4, 60, 59, '1/24/2019');
insert into orders (order_id, item_id, order_quantity, customer_id, order_date) values (16, 3, 46, 58, '7/25/2019');
insert into orders (order_id, item_id, order_quantity, customer_id, order_date) values (46, 28, 11, 53, '1/19/2019');
insert into orders (order_id, item_id, order_quantity, customer_id, order_date) values (156, 26, 73, 47, '9/10/2019');
insert into orders (order_id, item_id, order_quantity, customer_id, order_date) values (20, 24, 22, 31, '9/13/2019');
insert into orders (order_id, item_id, order_quantity, customer_id, order_date) values (123, 18, 8, 46, '6/18/2019');
insert into orders (order_id, item_id, order_quantity, customer_id, order_date) values (140, 2, 23, 24, '1/3/2019');
insert into orders (order_id, item_id, order_quantity, customer_id, order_date) values (100, 1, 88, 19, '11/27/2018');
insert into orders (order_id, item_id, order_quantity, customer_id, order_date) values (109, 22, 64, 53, '2/14/2019');
insert into orders (order_id, item_id, order_quantity, customer_id, order_date) values (80, 13, 29, 43, '11/26/2018');
insert into orders (order_id, item_id, order_quantity, customer_id, order_date) values (32, 5, 9, 4, '11/16/2018');
insert into orders (order_id, item_id, order_quantity, customer_id, order_date) values (18, 18, 75, 34, '1/7/2019');
insert into orders (order_id, item_id, order_quantity, customer_id, order_date) values (174, 16, 38, 36, '9/7/2019');
insert into orders (order_id, item_id, order_quantity, customer_id, order_date) values (66, 5, 12, 29, '1/30/2019');
insert into orders (order_id, item_id, order_quantity, customer_id, order_date) values (70, 11, 13, 35, '5/22/2019');
insert into orders (order_id, item_id, order_quantity, customer_id, order_date) values (70, 6, 4, 60, '9/3/2019');
insert into orders (order_id, item_id, order_quantity, customer_id, order_date) values (77, 29, 45, 51, '11/15/2018');
insert into orders (order_id, item_id, order_quantity, customer_id, order_date) values (15, 21, 83, 41, '8/19/2019');
insert into orders (order_id, item_id, order_quantity, customer_id, order_date) values (76, 27, 53, 6, '1/27/2019');
insert into orders (order_id, item_id, order_quantity, customer_id, order_date) values (150, 18, 19, 44, '7/3/2019');


create table items (
	item_id INT PRIMARY KEY,
	item_name VARCHAR(50),
	item_price DECIMAL(4,2)
);
insert into items (item_id, item_name, item_price) values (1, 'Cookies - Englishbay Chochip', 8.46);
insert into items (item_id, item_name, item_price) values (2, 'Appetiser - Bought', 20.37);
insert into items (item_id, item_name, item_price) values (3, 'Pears - Bartlett', 5.9);
insert into items (item_id, item_name, item_price) values (4, 'Clams - Littleneck, Whole', 13.89);
insert into items (item_id, item_name, item_price) values (5, 'Garlic', 12.45);
insert into items (item_id, item_name, item_price) values (6, 'Juice - Happy Planet', 12.61);
insert into items (item_id, item_name, item_price) values (7, 'Salmon - Smoked, Sliced', 6.79);
insert into items (item_id, item_name, item_price) values (8, 'Wine - Magnotta - Bel Paese White', 16.94);
insert into items (item_id, item_name, item_price) values (9, 'Oil - Sesame', 10.2);
insert into items (item_id, item_name, item_price) values (10, 'Glass - Juice Clear 5oz 55005', 22.57);
insert into items (item_id, item_name, item_price) values (11, 'Steampan - Lid For Half Size', 16.02);
insert into items (item_id, item_name, item_price) values (12, 'Sugar - Sweet N Low, Individual', 5.37);
insert into items (item_id, item_name, item_price) values (13, 'Carroway Seed', 5.06);
insert into items (item_id, item_name, item_price) values (14, 'Rambutan', 23.16);
insert into items (item_id, item_name, item_price) values (15, 'Puree - Blackcurrant', 12.33);
insert into items (item_id, item_name, item_price) values (16, 'Lid - 16 Oz And 32 Oz', 11.5);
insert into items (item_id, item_name, item_price) values (17, 'Sugar - Sweet N Low, Individual', 20.6);
insert into items (item_id, item_name, item_price) values (18, 'Water - Green Tea Refresher', 22.95);
insert into items (item_id, item_name, item_price) values (19, 'Pancetta', 8.39);
insert into items (item_id, item_name, item_price) values (20, 'Greens Mustard', 5.29);
insert into items (item_id, item_name, item_price) values (21, 'Wine - Vineland Estate Semi - Dry', 13.33);
insert into items (item_id, item_name, item_price) values (22, 'Bread Sour Rolls', 9.91);
insert into items (item_id, item_name, item_price) values (23, 'Cookies - Fortune', 14.77);
insert into items (item_id, item_name, item_price) values (24, 'Stock - Beef, White', 24.11);
insert into items (item_id, item_name, item_price) values (25, 'Soup - Campbells - Chicken Noodle', 18.36);
insert into items (item_id, item_name, item_price) values (26, 'Mountain Dew', 7.39);
insert into items (item_id, item_name, item_price) values (27, 'Leeks - Large', 22.56);
insert into items (item_id, item_name, item_price) values (28, 'Loquat', 17.74);
insert into items (item_id, item_name, item_price) values (29, 'Gherkin - Sour', 19.54);
insert into items (item_id, item_name, item_price) values (30, 'Mustard - Individual Pkg', 11.38);
insert into items (item_id, item_name, item_price) values (31, 'Sauce - Soya, Light', 19.4);
insert into items (item_id, item_name, item_price) values (32, 'Slt - Individual Portions', 6.77);
insert into items (item_id, item_name, item_price) values (33, 'Wine - Magnotta - Belpaese', 19.97);
insert into items (item_id, item_name, item_price) values (34, 'Beef - Bresaola', 16.27);
insert into items (item_id, item_name, item_price) values (35, 'Miso - Soy Bean Paste', 15.67);
insert into items (item_id, item_name, item_price) values (36, 'Potatoes - Yukon Gold 5 Oz', 19.14);
insert into items (item_id, item_name, item_price) values (37, 'Apple - Macintosh', 13.18);
insert into items (item_id, item_name, item_price) values (38, 'Daves Island Stinger', 23.17);
insert into items (item_id, item_name, item_price) values (39, 'Lighter - Bbq', 7.64);
insert into items (item_id, item_name, item_price) values (40, 'Tomato - Peeled Italian Canned', 19.91);
insert into items (item_id, item_name, item_price) values (41, 'Chicken - Whole Roasting', 15.44);
insert into items (item_id, item_name, item_price) values (42, 'Sauce - Oyster', 5.45);
insert into items (item_id, item_name, item_price) values (43, 'Pepper - Gypsy Pepper', 11.71);
insert into items (item_id, item_name, item_price) values (44, 'Coriander - Ground', 9.73);
insert into items (item_id, item_name, item_price) values (45, 'Chinese Foods - Cantonese', 22.58);
insert into items (item_id, item_name, item_price) values (46, 'Longos - Chicken Caeser Salad', 21.0);
insert into items (item_id, item_name, item_price) values (47, 'Sobe - Berry Energy', 16.32);
insert into items (item_id, item_name, item_price) values (48, 'Bread - Dark Rye, Loaf', 9.19);
insert into items (item_id, item_name, item_price) values (49, 'Puree - Guava', 24.69);
insert into items (item_id, item_name, item_price) values (50, 'Ecolab - Balanced Fusion', 18.99);
insert into items (item_id, item_name, item_price) values (51, 'Onion Powder', 23.62);
insert into items (item_id, item_name, item_price) values (52, 'Long Island Ice Tea', 24.83);
insert into items (item_id, item_name, item_price) values (53, 'Cheese - Grana Padano', 10.75);
insert into items (item_id, item_name, item_price) values (54, 'Olive - Spread Tapenade', 13.86);
insert into items (item_id, item_name, item_price) values (55, 'Mangoes', 20.57);
insert into items (item_id, item_name, item_price) values (56, 'Dried Figs', 10.0);
insert into items (item_id, item_name, item_price) values (57, 'Salmon Steak - Cohoe 6 Oz', 18.75);
insert into items (item_id, item_name, item_price) values (58, 'Corn Shoots', 24.09);
insert into items (item_id, item_name, item_price) values (59, 'Salt - Rock, Course', 10.39);
insert into items (item_id, item_name, item_price) values (60, 'Cucumber - Pickling Ontario', 19.44);
insert into items (item_id, item_name, item_price) values (61, 'Kellogs Cereal In A Cup', 18.28);
insert into items (item_id, item_name, item_price) values (62, 'Shrimp, Dried, Small / Lb', 13.1);
insert into items (item_id, item_name, item_price) values (63, 'Corn Shoots', 14.83);
insert into items (item_id, item_name, item_price) values (64, 'Turkey - Ground. Lean', 6.61);
insert into items (item_id, item_name, item_price) values (65, 'Bacardi Limon', 19.28);
insert into items (item_id, item_name, item_price) values (66, 'Cherries - Bing, Canned', 14.21);
insert into items (item_id, item_name, item_price) values (67, 'Tray - 16in Rnd Blk', 14.18);
insert into items (item_id, item_name, item_price) values (68, 'Muffin Mix - Blueberry', 19.58);
insert into items (item_id, item_name, item_price) values (69, 'Table Cloth 62x120 White', 7.4);


create table customers (
	id INT PRIMARY KEY,
	first_name VARCHAR(50),
	last_name VARCHAR(50),
	email VARCHAR(50),
	gender VARCHAR(50)
);
insert into customers (id, first_name, last_name, email, gender) values (1, 'Trefor', 'Condliffe', 'tcondliffe0@yahoo.co.jp', 'Male');
insert into customers (id, first_name, last_name, email, gender) values (2, 'Constance', 'Riccelli', 'criccelli1@flavors.me', 'Female');
insert into customers (id, first_name, last_name, email, gender) values (3, 'Elie', 'Yanyushkin', 'eyanyushkin2@infoseek.co.jp', 'Female');
insert into customers (id, first_name, last_name, email, gender) values (4, 'Chaddy', 'Showt', 'cshowt3@wired.com', 'Male');
insert into customers (id, first_name, last_name, email, gender) values (5, 'Kimball', 'Labrenz', 'klabrenz4@chicagotribune.com', 'Male');
insert into customers (id, first_name, last_name, email, gender) values (6, 'Obidiah', 'Hanson', 'ohanson5@linkedin.com', 'Male');
insert into customers (id, first_name, last_name, email, gender) values (7, 'Olin', 'Bellworthy', 'obellworthy6@msn.com', 'Male');
insert into customers (id, first_name, last_name, email, gender) values (8, 'Kakalina', 'Abrahim', 'kabrahim7@fema.gov', 'Female');
insert into customers (id, first_name, last_name, email, gender) values (9, 'Antin', 'Basezzi', 'abasezzi8@dailymail.co.uk', 'Male');
insert into customers (id, first_name, last_name, email, gender) values (10, 'Colin', 'Fidgett', 'cfidgett9@howstuffworks.com', 'Male');
insert into customers (id, first_name, last_name, email, gender) values (11, 'Leeland', 'Kleeman', 'lkleemana@hao123.com', 'Male');
insert into customers (id, first_name, last_name, email, gender) values (12, 'Reba', 'Butchart', 'rbutchartb@harvard.edu', 'Female');
insert into customers (id, first_name, last_name, email, gender) values (13, 'Sunny', 'Hyatt', 'shyattc@umn.edu', 'Male');
insert into customers (id, first_name, last_name, email, gender) values (14, 'Cortie', 'Kittley', 'ckittleyd@netvibes.com', 'Male');
insert into customers (id, first_name, last_name, email, gender) values (15, 'Pavia', 'Eudall', 'peudalle@wisc.edu', 'Female');
insert into customers (id, first_name, last_name, email, gender) values (16, 'Lucienne', 'Fullilove', 'lfullilovef@bloglovin.com', 'Female');
insert into customers (id, first_name, last_name, email, gender) values (17, 'Christos', 'Ginn', 'cginng@wordpress.com', 'Male');
insert into customers (id, first_name, last_name, email, gender) values (18, 'Harriette', 'Roebuck', 'hroebuckh@state.tx.us', 'Female');
insert into customers (id, first_name, last_name, email, gender) values (19, 'Salli', 'Heinke', 'sheinkei@friendfeed.com', 'Female');
insert into customers (id, first_name, last_name, email, gender) values (20, 'Ignatius', 'Verdon', 'iverdonj@economist.com', 'Male');
insert into customers (id, first_name, last_name, email, gender) values (21, 'Brandtr', 'Shorto', 'bshortok@reddit.com', 'Male');
insert into customers (id, first_name, last_name, email, gender) values (22, 'Tatiania', 'Craise', 'tcraisel@indiatimes.com', 'Female');
insert into customers (id, first_name, last_name, email, gender) values (23, 'Demetria', 'Pieroni', 'dpieronim@opensource.org', 'Female');
insert into customers (id, first_name, last_name, email, gender) values (24, 'Elsy', 'Thurling', 'ethurlingn@amazonaws.com', 'Female');
insert into customers (id, first_name, last_name, email, gender) values (25, 'Donnie', 'Pawlicki', 'dpawlickio@canalblog.com', 'Female');
insert into customers (id, first_name, last_name, email, gender) values (26, 'Skip', 'Shillabear', 'sshillabearp@blog.com', 'Male');
insert into customers (id, first_name, last_name, email, gender) values (27, 'Hyman', 'Frediani', 'hfredianiq@marriott.com', 'Male');
insert into customers (id, first_name, last_name, email, gender) values (28, 'Sheena', 'Fairbourne', 'sfairbourner@umn.edu', 'Female');
insert into customers (id, first_name, last_name, email, gender) values (29, 'Karlens', 'Gascoigne', 'kgascoignes@hao123.com', 'Male');
insert into customers (id, first_name, last_name, email, gender) values (30, 'Karilynn', 'Wanka', 'kwankat@independent.co.uk', 'Female');
insert into customers (id, first_name, last_name, email, gender) values (31, 'Quentin', 'Cripps', 'qcrippsu@so-net.ne.jp', 'Male');
insert into customers (id, first_name, last_name, email, gender) values (32, 'Tandy', 'Hugonneau', 'thugonneauv@bbc.co.uk', 'Female');
insert into customers (id, first_name, last_name, email, gender) values (33, 'Carmine', 'Delph', 'cdelphw@shareasale.com', 'Female');
insert into customers (id, first_name, last_name, email, gender) values (34, 'Madelina', 'Stuck', 'mstuckx@drupal.org', 'Female');
insert into customers (id, first_name, last_name, email, gender) values (35, 'Karilynn', 'Scarce', 'kscarcey@webeden.co.uk', 'Female');
insert into customers (id, first_name, last_name, email, gender) values (36, 'Jessi', 'Simonin', 'jsimoninz@who.int', 'Female');
insert into customers (id, first_name, last_name, email, gender) values (37, 'Halsey', 'Stanislaw', 'hstanislaw10@reddit.com', 'Male');
insert into customers (id, first_name, last_name, email, gender) values (38, 'Barth', 'Down', 'bdown11@ox.ac.uk', 'Male');
insert into customers (id, first_name, last_name, email, gender) values (39, 'Alla', 'Sargant', 'asargant12@usgs.gov', 'Female');
insert into customers (id, first_name, last_name, email, gender) values (40, 'Kirstin', 'Farquharson', 'kfarquharson13@chicagotribune.com', 'Female');
insert into customers (id, first_name, last_name, email, gender) values (41, 'Weider', 'Doogue', 'wdoogue14@china.com.cn', 'Male');
insert into customers (id, first_name, last_name, email, gender) values (42, 'Leonidas', 'Coney', 'lconey15@pinterest.com', 'Male');
insert into customers (id, first_name, last_name, email, gender) values (43, 'Michel', 'Grimsley', 'mgrimsley16@wufoo.com', 'Male');
insert into customers (id, first_name, last_name, email, gender) values (44, 'Dani', 'Baglow', 'dbaglow17@domainmarket.com', 'Male');
insert into customers (id, first_name, last_name, email, gender) values (45, 'Trevor', 'Haisell', 'thaisell18@twitpic.com', 'Male');
insert into customers (id, first_name, last_name, email, gender) values (46, 'Johanna', 'Scripps', 'jscripps19@dyndns.org', 'Female');
insert into customers (id, first_name, last_name, email, gender) values (47, 'Audie', 'Ratnege', 'aratnege1a@ow.ly', 'Female');
insert into customers (id, first_name, last_name, email, gender) values (48, 'Page', 'Ambrosch', 'pambrosch1b@wikispaces.com', 'Male');
insert into customers (id, first_name, last_name, email, gender) values (49, 'Astrid', 'Dumberell', 'adumberell1c@ft.com', 'Female');
insert into customers (id, first_name, last_name, email, gender) values (50, 'Derrick', 'Petasch', 'dpetasch1d@github.com', 'Male');
insert into customers (id, first_name, last_name, email, gender) values (51, 'Becca', 'Daveley', 'bdaveley1e@altervista.org', 'Female');
insert into customers (id, first_name, last_name, email, gender) values (52, 'Camel', 'Tomasoni', 'ctomasoni1f@gnu.org', 'Female');
insert into customers (id, first_name, last_name, email, gender) values (53, 'Karlik', 'McColley', 'kmccolley1g@hubpages.com', 'Male');
insert into customers (id, first_name, last_name, email, gender) values (54, 'Twila', 'Howells', 'thowells1h@gnu.org', 'Female');
insert into customers (id, first_name, last_name, email, gender) values (55, 'Patty', 'Rosenshine', 'prosenshine1i@goo.ne.jp', 'Male');
insert into customers (id, first_name, last_name, email, gender) values (56, 'Arlana', 'Anscombe', 'aanscombe1j@latimes.com', 'Female');
insert into customers (id, first_name, last_name, email, gender) values (57, 'Carmencita', 'Langforth', 'clangforth1k@nytimes.com', 'Female');
insert into customers (id, first_name, last_name, email, gender) values (58, 'Ronnie', 'Gillman', 'rgillman1l@harvard.edu', 'Female');
insert into customers (id, first_name, last_name, email, gender) values (59, 'Siana', 'Ruggs', 'sruggs1m@cocolog-nifty.com', 'Female');
insert into customers (id, first_name, last_name, email, gender) values (60, 'Esmaria', 'Gowthorpe', 'egowthorpe1n@globo.com', 'Female');
insert into customers (id, first_name, last_name, email, gender) values (61, 'Cloris', 'Petre', 'cpetre1o@over-blog.com', 'Female');
insert into customers (id, first_name, last_name, email, gender) values (62, 'Pascale', 'Winkell', 'pwinkell1p@technorati.com', 'Male');
insert into customers (id, first_name, last_name, email, gender) values (63, 'Tessi', 'Blewis', 'tblewis1q@scientificamerican.com', 'Female');
insert into customers (id, first_name, last_name, email, gender) values (64, 'Carol', 'Redholes', 'credholes1r@spotify.com', 'Female');
insert into customers (id, first_name, last_name, email, gender) values (65, 'Bride', 'Jerzykiewicz', 'bjerzykiewicz1s@unicef.org', 'Female');
insert into customers (id, first_name, last_name, email, gender) values (66, 'Gabby', 'Lindner', 'glindner1t@alexa.com', 'Male');
insert into customers (id, first_name, last_name, email, gender) values (67, 'Matelda', 'Kennally', 'mkennally1u@craigslist.org', 'Female');
insert into customers (id, first_name, last_name, email, gender) values (68, 'Calv', 'Guice', 'cguice1v@newsvine.com', 'Male');
insert into customers (id, first_name, last_name, email, gender) values (69, 'Evin', 'Philcott', 'ephilcott1w@scribd.com', 'Male');
insert into customers (id, first_name, last_name, email, gender) values (70, 'Fonsie', 'Brugsma', 'fbrugsma1x@comsenz.com', 'Male');
insert into customers (id, first_name, last_name, email, gender) values (71, 'Ulrick', 'Tills', 'utills1y@ed.gov', 'Male');
insert into customers (id, first_name, last_name, email, gender) values (72, 'Norry', 'Selkirk', 'nselkirk1z@hostgator.com', 'Female');
insert into customers (id, first_name, last_name, email, gender) values (73, 'Laverna', 'Baniard', 'lbaniard20@noaa.gov', 'Female');
insert into customers (id, first_name, last_name, email, gender) values (74, 'Ashley', 'Romer', 'aromer21@answers.com', 'Male');
insert into customers (id, first_name, last_name, email, gender) values (75, 'Trish', 'Benard', 'tbenard22@huffingtonpost.com', 'Female');
insert into customers (id, first_name, last_name, email, gender) values (76, 'Jacob', 'Gemelli', 'jgemelli23@nbcnews.com', 'Male');
insert into customers (id, first_name, last_name, email, gender) values (77, 'Aurore', 'Sunter', 'asunter24@indiatimes.com', 'Female');
insert into customers (id, first_name, last_name, email, gender) values (78, 'Bradford', 'Longfield', 'blongfield25@cornell.edu', 'Male');
insert into customers (id, first_name, last_name, email, gender) values (79, 'Judas', 'Caville', 'jcaville26@umn.edu', 'Male');
insert into customers (id, first_name, last_name, email, gender) values (80, 'Toma', 'Knudsen', 'tknudsen27@aol.com', 'Female');
insert into customers (id, first_name, last_name, email, gender) values (81, 'Willdon', 'Sinkings', 'wsinkings28@vistaprint.com', 'Male');
insert into customers (id, first_name, last_name, email, gender) values (82, 'Jaimie', 'Doll', 'jdoll29@thetimes.co.uk', 'Male');
insert into customers (id, first_name, last_name, email, gender) values (83, 'Free', 'Gregan', 'fgregan2a@tinypic.com', 'Male');
insert into customers (id, first_name, last_name, email, gender) values (84, 'Kessiah', 'Ollie', 'kollie2b@theglobeandmail.com', 'Female');
insert into customers (id, first_name, last_name, email, gender) values (85, 'Nicolea', 'Deason', 'ndeason2c@drupal.org', 'Female');
insert into customers (id, first_name, last_name, email, gender) values (86, 'Nessa', 'Clemence', 'nclemence2d@europa.eu', 'Female');
insert into customers (id, first_name, last_name, email, gender) values (87, 'Aurelia', 'Care', 'acare2e@furl.net', 'Female');
insert into customers (id, first_name, last_name, email, gender) values (88, 'Joleen', 'Wistance', 'jwistance2f@noaa.gov', 'Female');
insert into customers (id, first_name, last_name, email, gender) values (89, 'Gloria', 'Spring', 'gspring2g@dion.ne.jp', 'Female');
insert into customers (id, first_name, last_name, email, gender) values (90, 'Hettie', 'Beeston', 'hbeeston2h@merriam-webster.com', 'Female');
insert into customers (id, first_name, last_name, email, gender) values (91, 'Vivie', 'Jeves', 'vjeves2i@skype.com', 'Female');
insert into customers (id, first_name, last_name, email, gender) values (92, 'My', 'Duly', 'mduly2j@fema.gov', 'Male');
insert into customers (id, first_name, last_name, email, gender) values (93, 'Carrol', 'Fliege', 'cfliege2k@oaic.gov.au', 'Male');
insert into customers (id, first_name, last_name, email, gender) values (94, 'Arlena', 'Champness', 'achampness2l@mtv.com', 'Female');
insert into customers (id, first_name, last_name, email, gender) values (95, 'Price', 'Elcy', 'pelcy2m@ask.com', 'Male');
insert into customers (id, first_name, last_name, email, gender) values (96, 'Sherwood', 'O''Meara', 'someara2n@wufoo.com', 'Male');
insert into customers (id, first_name, last_name, email, gender) values (97, 'Ottilie', 'Kemer', 'okemer2o@samsung.com', 'Female');
insert into customers (id, first_name, last_name, email, gender) values (98, 'Suzann', 'Kimmel', 'skimmel2p@yelp.com', 'Female');
insert into customers (id, first_name, last_name, email, gender) values (99, 'Angeline', 'Emmet', 'aemmet2q@usda.gov', 'Female');
insert into customers (id, first_name, last_name, email, gender) values (100, 'Gaylor', 'Auld', 'gauld2r@cnbc.com', 'Male');


DELETE t_orders  
FROM   
(  
   SELECT *,  
   ROW_NUMBER() OVER (PARTITION BY order_id, item_id ORDER BY order_id, item_id) rn  
   FROM orders   
) t_orders  
WHERE t_orders.rn > 1;  


ALTER TABLE orders ADD CONSTRAINT orders_pk PRIMARY KEY (order_id, item_id);


ALTER TABLE orders ADD CONSTRAINT items_fk FOREIGN KEY (item_id) REFERENCES items(item_id);


ALTER TABLE orders ADD CONSTRAINT customer_fk FOREIGN KEY (customer_id) REFERENCES customers(id);




